generation,index,x0,x1,seed,rate_budget,conn_budget,final_lambda_rate,final_lambda_connectivity,train_rate_cost_tail,train_conn_cost_tail,mean_acc,min_task_acc,task_loss,metabolic_cost,wiring_cost,conn_frac,wiring_cost_w_in_l2,acc_fdgo,acc_fdanti,acc_dm1,acc_contextdm1,acc_dmsgo,task_error,log10_metabolic_cost,log10_wiring_cost,constraint_g,is_feasible,train_time_s
0,0,-1.8790010567,-1.6563968588,0,0.013212924192689298,0.02205987977156519,0.03895059725787248,nan,0.012162469036411494,0.022059739544056357,0.9740624999999999,0.8703125,0.0029668828600551934,0.014361656960099936,0.022059815004467964,0.6513633728027344,0.0159124918282032,1.0,1.0,1.0,1.0,0.8703125,0.12968749999999996,-1.842795450963181,-1.6563981339119487,-0.27031250000000007,True,513.5173611300997
0,2,-2.199397311,-2.2346189837,0,0.006318335587258588,0.005826141340975696,0.37782879809816855,nan,0.006061690178466961,0.005826147267362103,0.91875,0.60625,0.006379454967100173,0.0071284828055649995,0.005826147273182869,0.17314644157886505,0.01396270003169775,1.0,1.0,0.9890625,0.9984375,0.60625,0.39375000000000004,-2.1470028936103733,-2.2346185414861996,-0.006249999999999978,True,531.6563356020488
0,1,-2.4680176564,-1.6583869269,0,0.003403943505381314,0.02195902600688955,0.5129035188603442,nan,0.003173702000640333,0.021959045608527957,0.9475,0.7375,0.004671432273462414,0.003968988968990743,0.021959025412797928,0.6548253893852234,0.013273077085614204,1.0,1.0,1.0,1.0,0.7375,0.26249999999999996,-2.4013201081256175,-1.658386938686262,-0.13750000000000007,True,549.4283846956678
0,3,-1.3729407941,-2.2501153743,0,0.04237007238422911,0.0056219195386770435,0.0012870911305351458,nan,0.04002545056864619,0.005621923004509881,0.9487500000000001,0.74375,0.004642962357029319,0.0450585836917162,0.005621926859021187,0.1594056338071823,0.02128959447145462,1.0,1.0,1.0,1.0,0.74375,0.25625,-1.3462224634008972,-2.2501148088406606,-0.14375000000000004,True,550.9934391700663
0,4,-1.8184879458,-2.6687401371,0,0.01518840098000937,0.002144173197345237,0.03963078948203883,nan,0.015182111323811113,0.002144180711475201,0.8834375,0.525,0.007064076608512551,0.01759801296517253,0.002144180703908205,0.05228247493505478,0.019719835370779037,1.0,0.8953125,0.996875,1.0,0.525,0.475,-1.7545363666732623,-2.6687386166457108,0.07499999999999996,False,519.0266567398794
0,5,-1.4917968,-2.1086752156,0,0.03222576234716441,0.00778618618349164,0.0043943737420049965,nan,0.03060648459941149,0.007786147644510493,0.9528125,0.7640625,0.004293003894854337,0.03482680708169937,0.00778608862310648,0.229978546500206,0.019397757947444916,1.0,1.0,1.0,1.0,0.7640625,0.23593750000000002,-1.4580863397927522,-2.108680657346977,-0.1640625,True,520.3406032370403
0,6,-2.1707200135,-1.834134665,0,0.006749630312885389,0.014650934778064445,0.1599497243238855,nan,0.006184829641133547,0.014650937838014215,0.9515625,0.7578125,0.004269082797691226,0.007467047804966569,0.014650937169790268,0.44329044222831726,0.013625860214233398,1.0,1.0,1.0,1.0,0.7578125,0.2421875,-2.126851068255683,-1.8341345941050387,-0.15781250000000002,True,520.733513507992
0,7,-2.2132336988,-2.2015236285,0,0.006120209677259633,0.006287476451650856,0.3574858078761236,nan,0.0056990638631396,0.0062874824495520445,0.9174999999999999,0.5921875,0.005977194330189377,0.0067551865428686145,0.006287482101470232,0.18759191036224365,0.013739466667175293,1.0,1.0,0.9984375,0.996875,0.5921875,0.4078125,-2.170362653537603,-2.2015232382372134,0.0078125,False,533.8312202659436
0,8,-2.484227164,-2.2567913331,0,0.0032792372300234724,0.0055361604301058355,1.0383490170456242,nan,0.0035841028892900795,0.0055361664912197735,0.746875,0.5109375,0.013949050372466446,0.00422425011638552,0.005536166485399008,0.17725184559822083,0.013811064884066582,0.846875,0.7984375,0.784375,0.79375,0.5109375,0.48906249999999996,-2.3742503752871698,-2.2567908581100187,0.08906249999999993,False,515.477012633346
0,9,-2.3730225032,-2.4112358747,0,0.004236210153100113,0.0038793961042931664,0.6367014229284272,nan,0.0047882464923895895,0.0038794023898663,0.731875,0.44375,0.013956940127536654,0.005690679554827511,0.0038794020656496286,0.12294730544090271,0.01439506746828556,1.0,0.44375,0.85,0.859375,0.50625,0.55625,-2.244835869054896,-2.4112352072924312,0.15625,False,517.3704328709282
0,10,-1.4968407834,-2.39138683,0,0.03185365093585127,0.004060814676497827,0.00337140862114068,nan,0.030261570233851672,0.00406082168337889,0.946875,0.734375,0.004870241000317037,0.03505805499851704,0.004060821142047644,0.1080729141831398,0.021103108301758766,1.0,1.0,1.0,1.0,0.734375,0.265625,-1.455212181991304,-2.3913861384913373,-0.13437500000000002,True,524.1270568971522
0,11,-1.921664956,-1.6231895497,0,0.011976641336103417,0.023812799223794305,0.040503327695983624,nan,0.010875699897296727,0.023812680332921447,0.9728125000000001,0.865625,0.0029638605564832688,0.013038836810737848,0.023812798783183098,0.6979320049285889,0.01577673852443695,1.0,1.0,1.0,0.9984375,0.865625,0.13437500000000002,-1.8847611501079442,-1.6231895577803626,-0.265625,True,528.3306287690066
0,12,-1.158337489,-1.903940661,0,0.06944844259890687,0.012475539598340657,0.0002665614978576905,nan,0.06230084413662553,0.012475096269045026,0.9575000000000001,0.790625,0.0042118945415131745,0.07244926266372204,0.012475542724132538,0.3936734199523926,0.02226429432630539,1.0,1.0,1.0,0.996875,0.790625,0.20937499999999998,-1.1399660301059371,-1.903940552159963,-0.19062500000000004,True,517.607301031705
0,13,-1.8318921128,-2.3952452701,0,0.014726782988349186,0.004024896619620514,0.051665721487802234,nan,0.014281081382650882,0.004024903611280024,0.9256249999999999,0.628125,0.0052706833323463795,0.016485844124108553,0.0040249028243124485,0.11115196347236633,0.017865808680653572,1.0,1.0,1.0,1.0,0.628125,0.37187499999999996,-1.782888810786114,-2.3952446006065076,-0.028125000000000067,True,521.044918325264
0,14,-2.4415958486,-1.6350491067,0,0.0036174634470442927,0.02317132631466745,0.45679751058749146,nan,0.0033328383893240243,0.02317133890464902,0.9481249999999999,0.7453125,0.004469450050964952,0.004064422794617713,0.023171324282884598,0.6849417686462402,0.013237087056040764,1.0,1.0,1.0,0.9953125,0.7453125,0.25468749999999996,-2.3910011216348463,-1.6350491447894753,-0.14531250000000007,True,517.2594542759471
0,15,-1.8721971706,-2.5718758539,0,0.01342155481259694,0.002679934293489885,0.06063616207159577,nan,0.01322302354965359,0.002679941394017078,0.9078125,0.5453125,0.006256756188813597,0.015484713334590196,0.0026799412444233894,0.07080269604921341,0.01908182166516781,1.0,1.0,0.996875,0.996875,0.5453125,0.4546875,-1.8100968302399048,-2.5718747274273395,0.0546875,False,547.8397157578729
0,16,-1.700102012,-1.8470185193,0,0.01994793700289668,0.014222681371627363,0.01806438635625159,nan,0.018579016900621356,0.014222500252071769,0.9643750000000001,0.821875,0.0036536271078512076,0.02202089602127671,0.014222686178982258,0.43146446347236633,0.01729562319815159,1.0,1.0,1.0,1.0,0.821875,0.17812499999999998,-1.6571650137394205,-1.8470183724854556,-0.22187500000000004,True,591.3463967670687
0,18,-2.6355398407,-2.1191551487,0,0.0023145158505061968,0.0076005470415222804,1.4695686445723046,nan,0.002416741627675947,0.007600552049698308,0.8150000000000001,0.5734375,0.014260171838104723,0.002823759133461863,0.007600552402436733,0.250612735748291,0.013352270238101482,1.0,0.6671875,0.9296875,0.9046875,0.5734375,0.42656249999999996,-2.549172351341816,-2.119154842375553,0.026562499999999933,False,563.6355084669776
0,17,-1.7169019412,-1.692776967,0,0.019191020035077007,0.02028724308210304,0.016335692984600653,nan,0.01762318394612521,0.020286816274747252,0.9737500000000001,0.8703125,0.00295810881187208,0.020783591605722903,0.020286502316594124,0.6078431606292725,0.01728152111172676,1.0,1.0,1.0,0.9984375,0.8703125,0.12968749999999996,-1.6822794000048595,-1.692792825098043,-0.27031250000000007,True,600.9143650457263
0,19,-1.9630863638,-2.6305781267,0,0.010887135702664542,0.0023411102872730226,0.11424447612222707,nan,0.011312321738805621,0.0023411175556248055,0.8631250000000001,0.478125,0.007854550522752106,0.013111357791349292,0.0023411179427057505,0.06055453419685364,0.018279794603586197,1.0,0.8578125,0.990625,0.9890625,0.478125,0.521875,-1.8823523311355228,-2.6305767065186605,0.12187499999999996,False,566.4709100248292
0,20,-1.6715238032,-1.7637085064,0,0.021304737952046453,0.01723024661903758,0.013272991946682397,nan,0.019629384779836983,0.017230016011744738,0.96875,0.85,0.0032409850507974626,0.023181481342762707,0.017230220139026642,0.5231004953384399,0.01781112514436245,1.0,1.0,1.0,0.99375,0.85,0.15000000000000002,-1.634858815204524,-1.763709173825693,-0.25,True,514.7177690030076
0,21,-1.749042922,-2.4136665096,0,0.017822026208263137,0.003857744763694856,0.027799643364667184,nan,0.017341218481305987,0.0038577514089411123,0.9328125,0.665625,0.005254605920054019,0.020093800239264964,0.0038577518425881863,0.10451899468898773,0.0187480840831995,1.0,1.0,0.9984375,1.0,0.665625,0.334375,-1.6969379195551477,-2.413665712633266,-0.06562500000000004,True,516.9708811151795
0,22,-1.353429422,-2.1400988703,0,0.04431702290149674,0.00724271055712594,0.001109039636000721,nan,0.04186216243542731,0.007242682202486321,0.9512499999999999,0.75625,0.0047340379375964406,0.047030956521630286,0.007242237683385611,0.21541054546833038,0.02067164145410061,1.0,1.0,1.0,1.0,0.75625,0.24375000000000002,-1.3276161884271829,-2.1401272261513014,-0.15625,True,520.2772358772345
0,23,-1.8804953625,-1.8729636294,0,0.01316753973204735,0.013397888851948031,0.049254913570519275,nan,0.012100451048463584,0.013397843244019896,0.959375,0.796875,0.0037733753211796283,0.01462007500231266,0.01339789293706417,0.4041973054409027,0.015424266457557678,1.0,1.0,1.0,1.0,0.796875,0.203125,-1.8350503994023057,-1.87296349699036,-0.19687500000000002,True,521.2084909020923
1,0,-1.700102012,-2.4180583034,0,0.01994793700289668,0.0038189299879374835,0.018646913283001006,nan,0.019346166606992482,0.003818936566822231,0.9334374999999999,0.66875,0.005124891749583185,0.022418433241546153,0.0038189366459846497,0.10295649617910385,0.01921120285987854,1.0,1.0,0.9984375,1.0,0.66875,0.33125000000000004,-1.6493947422462738,-2.418057546268603,-0.06874999999999998,True,508.1560441860929
1,1,-1.8184807788,-1.7611116754,0,0.015188651630106598,0.01733358220960031,0.02928325649562136,nan,0.01393183111678809,0.017333366931416093,0.9684375,0.84375,0.0032183965388685467,0.016556541323661803,0.01733338087797165,0.5206494927406311,0.01630673184990883,1.0,1.0,1.0,0.9984375,0.84375,0.15625,-1.7810303825831917,-1.7611167198341473,-0.24375000000000002,True,509.3367957039736
1,2,-1.5303654665,-1.6927507441,0,0.029487267766361253,0.02028846807507842,0.00491272609722977,nan,0.027054689070209862,0.02028739017434418,0.9737500000000001,0.86875,0.003053213934181258,0.03198016855865717,0.020288661122322083,0.6144148111343384,0.019076507538557053,1.0,1.0,1.0,1.0,0.86875,0.13124999999999998,-1.495119251537196,-1.6927466117331875,-0.26875000000000004,True,516.0821831780486
1,3,-2.6320311615,-1.6562195275,0,0.002333290638229416,0.022068889109846314,1.088287664356967,nan,0.00220932797936257,0.022068873583339154,0.9178124999999999,0.6359375,0.0060110106901265685,0.002767763710580766,0.022068889811635017,0.6581341624259949,0.012387968599796295,1.0,0.953125,1.0,1.0,0.6359375,0.36406249999999996,-2.5578709892048686,-1.656219513725883,-0.03593750000000007,True,520.9953433168121
1,4,-1.3300896769,-1.8494914858,0,0.04676385692048399,0.01414192449626921,0.0011369561281706704,nan,0.042786027556285265,0.014141342332586647,0.9637500000000001,0.821875,0.0038118321867659693,0.04996200457215309,0.014142046682536602,0.44123774766921997,0.020624736323952675,1.0,1.0,1.0,0.996875,0.821875,0.17812499999999998,-1.3013601452146382,-1.8494877334946216,-0.22187500000000004,True,508.19805850693956
1,5,-2.0696361959,-2.4413931331,0,0.008518513265612156,0.003619152362952974,0.21776226935423554,nan,0.008540578548563644,0.0036191588564543054,0.905,0.525,0.006903168824501335,0.009698073398321867,0.0036191584076732397,0.10154718160629272,0.015550860203802586,1.0,1.0,1.0,1.0,0.525,0.475,-2.013314533319531,-2.4413924077531455,0.07499999999999996,False,507.01804856490344
1,6,-1.8296905772,-2.3730219426,0,0.014801625873555544,0.00423621562155262,0.05019472909063829,nan,0.014212063588202,0.0042362225393299015,0.9331250000000001,0.665625,0.0050415400229394435,0.016457652691751718,0.004236222244799137,0.11744792014360428,0.01773478277027607,1.0,1.0,1.0,1.0,0.665625,0.334375,-1.7836321068950007,-2.3730212635886323,-0.06562500000000004,True,524.6275329929776
1,7,-2.2559501521,-1.834134665,0,0.00554689376052994,0.014650934778064445,0.260549470682008,nan,0.005107515685958788,0.01465094014070928,0.9534375,0.7671875,0.004414349899161607,0.00628193068318069,0.014650935307145119,0.4425245225429535,0.012946215458214283,1.0,1.0,1.0,1.0,0.7671875,0.23281249999999998,-2.2019068600543905,-1.8341346493190192,-0.16718750000000004,True,530.3507008343004
1,9,-1.749042922,-1.841545725,0,0.017822026208263137,0.014403043589335685,0.024012018321139052,nan,0.01651766980299726,0.0144028718653135,0.9643750000000001,0.8234375,0.0033522096066735687,0.019764533322304486,0.014403046108782291,0.43511030077934265,0.01669514924287796,1.0,1.0,1.0,0.9984375,0.8234375,0.17656249999999996,-1.7041134357070842,-1.8415456489926505,-0.22343750000000007,True,507.08701259596273
1,8,-1.5023780383,-1.8234156536,0,0.03145009500293577,0.015017040305572864,0.00439237736900889,nan,0.02913678411860019,0.015016586801502854,0.9668749999999999,0.834375,0.003558373339474201,0.03416514530777931,0.015017043799161911,0.4634650647640228,0.019141972064971924,1.0,1.0,1.0,1.0,0.834375,0.16562500000000002,-1.4664167278395075,-1.8234155525563025,-0.234375,True,507.78692018194124
1,10,-2.4416030155,-2.637082153,0,0.0036174037503303638,0.0023063108759342438,0.4459729588694488,nan,0.004316705954843201,0.0023063181154429914,0.560625,0.2578125,0.02026457181200385,0.004783317502588033,0.002306317910552025,0.07872242480516434,0.016319099813699722,0.75,0.2578125,0.6375,0.665625,0.4921875,0.7421875,-2.3202707909771854,-2.6370808283152782,0.3421875,False,517.1711457530037
1,11,-1.4540429156,-2.4133705172,0,0.03515257021779341,0.0038603748968272554,0.0022315959101473597,nan,0.03328517202753574,0.0038603816542308778,0.9403124999999999,0.7015625,0.00480432937387377,0.03833432611078024,0.003860381431877613,0.10052083432674408,0.021356655284762383,1.0,1.0,1.0,1.0,0.7015625,0.2984375,-1.416412166917776,-2.4133697819667055,-0.1015625,True,528.1224216823466
1,12,-2.56136159,-2.2370676498,0,0.0027456072315725473,0.005793384461266423,1.108148119229004,nan,0.002995817134506069,0.0057933901518117635,0.6875,0.509375,0.017012293357402085,0.0035204207710921765,0.005793389398604631,0.19204963743686676,0.014049218967556953,0.784375,0.6296875,0.7640625,0.75,0.509375,0.490625,-2.453405425259848,-2.237067279720916,0.09062499999999996,False,501.8292877660133
1,13,-1.7830768783,-2.1865497084,0,0.016478706614638898,0.006508041169068541,0.032798680755335735,nan,0.015280243828892709,0.006508044428192079,0.9506249999999999,0.753125,0.00457701307721436,0.017942889910191297,0.006508047226816416,0.18972119688987732,0.017431704327464104,1.0,1.0,1.0,1.0,0.753125,0.24687499999999996,-1.7461076075030801,-2.186549304187645,-0.15312500000000007,True,506.29948473814875
1,14,-1.4921132565,-2.5680238556,0,0.03220228902024435,0.0027038098412398358,0.0024852699657771224,nan,0.030526045011356473,0.0027038173348410055,0.9309375,0.6546875,0.005167081791441887,0.035521708093583584,0.002703817328438163,0.06698835641145706,0.022117020562291145,1.0,1.0,1.0,1.0,0.6546875,0.3453125,-1.4495061589468656,-2.568022652941625,-0.0546875,True,520.3220517840236
1,15,-2.2132336988,-2.0802562806,0,0.006120209677259633,0.008312730855833275,0.27806073146803456,nan,0.005574935880722478,0.008312736346852034,0.9334374999999999,0.6671875,0.005160312636289745,0.006878748713061214,0.008312735706567764,0.25186887383461,0.013290251605212688,1.0,1.0,1.0,1.0,0.6671875,0.33281249999999996,-2.1624905554325355,-2.0802560271492387,-0.06718750000000007,True,517.2788123632781
1,16,-1.8804953625,-2.364127516,0,0.01316753973204735,0.0043238685645840035,0.07008297231370449,nan,0.01258082131156698,0.004323875296395272,0.9293750000000001,0.65,0.005205944522749632,0.014558956418186426,0.004323875531554222,0.12058823555707932,0.017111198976635933,1.0,1.0,0.9984375,0.9984375,0.65,0.35,-1.8368697540110357,-2.364126816276822,-0.050000000000000044,True,514.4701360589825
1,17,-1.353429422,-2.4049897629,0,0.04431702290149674,0.003935593522427387,0.0008297844860170922,nan,0.041235722908750175,0.003935600712429732,0.938125,0.6921875,0.004876469678711146,0.04722044885158539,0.003935601096600294,0.10361519455909729,0.021783338859677315,1.0,1.0,1.0,0.9984375,0.6921875,0.30781250000000004,-1.325869889073466,-2.404988927091481,-0.09218749999999998,True,514.655628405977
1,18,-1.6695016093,-1.879091042,0,0.02140416995494373,0.013210186775655372,0.015183114344194483,nan,0.019900257578119637,0.013210033550858497,0.9596875,0.7984375,0.0036166000808589157,0.02358002360910177,0.01321018859744072,0.4015931487083435,0.017419379204511642,1.0,1.0,1.0,1.0,0.7984375,0.20156249999999998,-1.6274557644106715,-1.8790909820642674,-0.19843750000000004,True,520.8855553697795
1,19,-1.8970492887,-2.2606926757,0,0.01267508006340333,0.005486650851439747,0.06957162091299604,nan,0.01169537442503497,0.00548665733425878,0.9390625,0.696875,0.00497204415500164,0.013776546567678452,0.005486657842993736,0.15539215505123138,0.016489388421177864,1.0,1.0,0.9984375,1.0,0.696875,0.303125,-1.8608596354448654,-2.2606921222775935,-0.09687500000000004,True,530.1969409147277
1,20,-1.7413974321,-1.6563968588,0,0.01813855005759449,0.02205987977156519,0.01818856473266764,nan,0.016656307463999837,0.022059458517469467,0.9759375,0.88125,0.0028085709898732604,0.0200097793713212,0.022059880197048187,0.655637264251709,0.017069492489099503,1.0,1.0,1.0,0.9984375,0.88125,0.11875000000000002,-1.6987576998868268,-1.6563968504589366,-0.28125,True,575.8296455838718
1,23,-2.2427746069,-1.6264166907,0,0.005717753035225298,0.02363650767102379,0.19546033500968374,nan,0.005296498060924932,0.023636424108408393,0.9646874999999999,0.8296875,0.0036072836839593945,0.006447538873180747,0.023636505007743835,0.6939951181411743,0.013892815448343754,1.0,1.0,1.0,0.99375,0.8296875,0.17031249999999998,-2.190606030755438,-1.6264167396378155,-0.22968750000000004,True,503.2445757891983
1,21,-2.1849268778,-1.6927877693,0,0.006532405295269576,0.020286738479441988,0.163119791458413,nan,0.006018925739917904,0.020286688674241306,0.971875,0.859375,0.0033816487342119223,0.0071821389719843864,0.020286737009882927,0.6017922759056091,0.01371475588530302,1.0,1.0,1.0,1.0,0.859375,0.140625,-2.143746195675828,-1.6927878008011439,-0.259375,True,599.3304843832739
1,22,-2.4397739915,-2.2015236285,0,0.0036326705117130363,0.006287476451650856,1.0341702990324835,nan,0.003738719368702732,0.006287482364568859,0.884375,0.50625,0.009115480002947152,0.004375858390703797,0.006287482101470232,0.19448529183864594,0.01306531485170126,1.0,0.925,0.996875,0.99375,0.50625,0.49375,-2.358936740863619,-2.2015232382372134,0.09375,False,603.0958837950602
2,1,-1.3433010519,-2.2476864708,0,0.04536270544774959,0.0056534496573508045,0.0009437649989413047,nan,0.04258092105388642,0.005653453526319936,0.9493750000000001,0.746875,0.004605835750699043,0.04779643706977368,0.005653457250446081,0.1608455926179886,0.021561959758400917,1.0,1.0,1.0,1.0,0.746875,0.25312500000000004,-1.320604476162115,-2.247685887471996,-0.14687499999999998,True,514.7137626446784
2,2,-1.8089574951,-2.1680142158,0,0.015525389512701208,0.006791814005149458,0.03870176403126063,nan,0.014303400015924126,0.006791821529623121,0.9512499999999999,0.75625,0.004585327252279967,0.01664023697376251,0.00679181981831789,0.19859068095684052,0.01721830852329731,1.0,1.0,1.0,1.0,0.75625,0.24375000000000002,-1.7788404932096822,-2.1680138441051304,-0.15625,True,573.0714549687691
2,3,-2.0418555362,-2.250164592,0,0.00908122557932562,0.005621282454317358,0.16487896615329617,nan,0.008402383059728891,0.0056212887272704395,0.9328125,0.665625,0.005314843545202166,0.009968725321814418,0.005621288437396288,0.16032475233078003,0.015166318975389004,1.0,1.0,1.0,0.9984375,0.665625,0.334375,-2.001360370383787,-2.2501641297834354,-0.06562500000000004,True,614.6607220256701
2,0,-1.6731803623,-1.8371637772,0,0.021223628624931743,0.014549103143644685,0.014510821405587803,nan,0.01967387762386352,0.01454889371059835,0.9675,0.8375,0.003350497230421752,0.023702110312879086,0.014549105428159237,0.4430147111415863,0.01766333356499672,1.0,1.0,1.0,1.0,0.8375,0.16249999999999998,-1.6252129849419137,-1.8371637090531823,-0.23750000000000004,True,644.4650591611862
2,4,-1.1528104461,-2.539807684,0,0.07033792526426254,0.0028853089040843678,8.207816402403616e-05,nan,0.06243368446826935,0.002885316174943,0.9203125,0.6015625,0.00545255959732458,0.07261403121054172,0.0028853160329163074,0.07311581075191498,0.027035363018512726,1.0,1.0,1.0,1.0,0.6015625,0.3984375,-1.1389794524605938,-2.5398066109884208,-0.0015625000000000222,True,516.8183242180385
2,6,-1.8804953625,-1.8372027627,0,0.01316753973204735,0.014547797169339943,0.0470634145789008,nan,0.012096252229530364,0.01454757982166484,0.9646874999999999,0.8234375,0.0035597708728164435,0.014672222808003425,0.014547799713909626,0.4388020932674408,0.015467549674212933,1.0,1.0,1.0,1.0,0.8234375,0.17656249999999996,-1.8335040865573904,-1.8372026867032905,-0.22343750000000007,True,561.1919989050366
2,5,-1.3715010512,-1.7029483279,0,0.04251076778209899,0.01981762800612166,0.0014404749374175793,nan,0.03863828036002815,0.01981658990494907,0.9765625,0.8828125,0.00299144247546792,0.045181489139795306,0.019817626103758812,0.6042585968971252,0.02083265222609043,1.0,1.0,1.0,1.0,0.8828125,0.1171875,-1.3450394592381871,-1.7029483696178553,-0.2828125,True,640.4501765728928
2,7,-1.7000438879,-1.6562195275,0,0.019950606924682646,0.022068889109846314,0.013670784921746755,nan,0.018298539498355238,0.022068588193506003,0.976875,0.8859375,0.0028392418706789614,0.02199198804795742,0.022068891674280167,0.6566482782363892,0.017645275220274925,1.0,1.0,1.0,0.9984375,0.8859375,0.11406249999999996,-1.6577355091916683,-1.6562194770708234,-0.28593750000000007,True,618.7027524625883
2,8,-1.749042922,-2.4393387112,0,0.017822026208263137,0.0036363132530698905,0.027650670473592306,nan,0.017400644328445194,0.0036363197956234216,0.9256249999999999,0.628125,0.0053893116861581805,0.020036959927529095,0.003636319888755679,0.09742647409439087,0.018836170434951782,1.0,1.0,1.0,1.0,0.628125,0.37187499999999996,-1.698168170372293,-2.439337918681493,-0.028125000000000067,True,621.1516701476648
2,10,-1.8127166205,-2.1965116106,0,0.015391586219704576,0.006360458003580002,0.04375835986954717,nan,0.014308552814181894,0.006360465753823518,0.9412499999999999,0.70625,0.004628510717302561,0.016653486527502537,0.006360464263707399,0.18393075466156006,0.01719302497804165,1.0,1.0,1.0,1.0,0.70625,0.29374999999999996,-1.7784948299569359,-2.1965111831239925,-0.10625000000000007,True,523.8972093611956
2,9,-1.158337489,-1.8409479915,0,0.06944844259890687,0.0144228806095312,0.00027188237301441735,nan,0.06216695941984653,0.014422307894565166,0.9675,0.8375,0.003538383555132896,0.07385030291974544,0.014422882348299026,0.4536305069923401,0.022776631638407707,1.0,1.0,1.0,1.0,0.8375,0.16249999999999998,-1.131647718955903,-1.8409479391401158,-0.23750000000000004,True,639.834132347256
2,11,-2.4771741317,-1.6255534841,0,0.00333292751203435,0.023683534472714856,0.5606637439747061,nan,0.0030939022632082923,0.02368355680257082,0.9574999999999999,0.7875,0.004439164919313043,0.0038539234735071658,0.023683536797761917,0.6999080777168274,0.01315958984196186,1.0,1.0,1.0,1.0,0.7875,0.21250000000000002,-2.4140969132829335,-1.6255534414315842,-0.1875,True,562.6450743810274
2,13,-2.3112324307,-1.6550825547,0,0.0048839090669651345,0.022126740643441833,0.2657695466813096,nan,0.004490816459292546,0.022126678228378296,0.9615625,0.8078125,0.0036404689564369618,0.0054458244424313304,0.022126739844679832,0.6558364033699036,0.01350413914769888,1.0,1.0,1.0,1.0,0.8078125,0.19218749999999996,-2.2639363631635634,-1.6550825703369796,-0.20781250000000007,True,507.6193619943224
2,12,-2.199397311,-2.2983105013,0,0.006318335587258588,0.005031407568364481,0.3877398144282245,nan,0.006253861773293465,0.005031413723481819,0.9084375,0.575,0.007246081938501447,0.007295630890876054,0.0050314138643443584,0.1477022022008896,0.014266201294958591,1.0,1.0,0.9859375,0.98125,0.575,0.42500000000000004,-2.1369371464601743,-2.2983099578464845,0.025000000000000022,False,640.0228892010637
2,15,-1.9231046989,-2.2501153743,0,0.011937002947788624,0.0056219195386770435,0.08090039020538581,nan,0.010983462769072503,0.005621925755403936,0.9415625000000001,0.7078125,0.005148984820116311,0.012977454401552678,0.005621924996376038,0.1603400707244873,0.016125880181789398,1.0,1.0,1.0,1.0,0.7078125,0.29218750000000004,-1.8868104884124224,-2.2501149527302315,-0.10781249999999998,True,589.102150416933
2,14,-1.7359011617,-1.847227276,0,0.018369563570228144,0.014215846455165932,0.02245630717505203,nan,0.017029118707869204,0.014215637799352407,0.960625,0.809375,0.0036390538257546727,0.02019992610439658,0.014215848408639431,0.4293198585510254,0.01682347059249878,1.0,1.0,1.0,0.99375,0.809375,0.19062500000000004,-1.6946502192915693,-1.8472272162974663,-0.20937499999999998,True,632.4438348049298
2,16,-1.7618944023,-2.3598755624,0,0.017302370113823864,0.004366409242223554,0.03085894132169591,nan,0.016564133316278457,0.004366415770491585,0.9349999999999999,0.6765625,0.004916459310334176,0.019257385209202768,0.004366416949778795,0.12068014591932297,0.018315453082323074,1.0,1.0,0.9984375,1.0,0.6765625,0.32343750000000004,-1.7154026822326116,-2.359874795804558,-0.07656249999999998,True,551.767477799207
2,17,-2.6272676097,-2.4241314047,0,0.0023590241686654604,0.0037658983676935633,0.7653402550317159,nan,0.0027713377503096126,0.003765904331812635,0.5784374999999999,0.30625,0.02236418940126896,0.0032336988556198776,0.003765904577448964,0.1315104216337204,0.015908868983387947,0.75,0.30625,0.6625,0.678125,0.4953125,0.69375,-2.4903004270493367,-2.4241306885711844,0.29374999999999996,False,615.9752426240593
2,18,-1.1848987675,-1.6313103461,0,0.06532828127980184,0.02337166506504458,0.0002956962523861059,nan,0.0580261738691479,0.023370343879796564,0.9771875,0.8859375,0.002976153339259327,0.06875858642160892,0.02337116189301014,0.7087775468826294,0.022509008646011353,1.0,1.0,1.0,1.0,0.8859375,0.11406249999999996,-1.1626730603678457,-1.6313196962008618,-0.28593750000000007,True,586.0752700301819
2,19,-1.4071311072,-2.1044188195,0,0.03916236337872471,0.007862871540634923,0.0019701724376043153,nan,0.03715639192610979,0.00786283046938479,0.9565625000000001,0.7828125,0.004488154079299421,0.04190707389265299,0.007862713187932968,0.23414522409439087,0.02023361809551716,1.0,1.0,1.0,1.0,0.7828125,0.21718749999999998,-1.3777126621592108,-2.104427566018827,-0.18281250000000004,True,578.851803557016
2,20,-1.7488615317,-1.9196481324,0,0.01782947143011576,0.012032389099677007,0.026014394440525154,nan,0.0165247012861073,0.012032288922928274,0.9546875,0.7734375,0.0037948988075368105,0.02001371029764414,0.01203249953687191,0.36387866735458374,0.016906794160604477,1.0,1.0,1.0,1.0,0.7734375,0.2265625,-1.6986723910029475,-1.9196441463664966,-0.17343750000000002,True,520.9449031269178
2,21,-2.2384956416,-2.2478887913,0,0.005774366676404147,0.005650816552743793,0.45719989629017826,nan,0.00561358540202491,0.005650823130272329,0.9075000000000001,0.55625,0.006841707066632808,0.006596096828579903,0.005650823470205069,0.16882659494876862,0.013742710463702679,1.0,1.0,0.9890625,0.9921875,0.55625,0.44375,-2.180712977677415,-2.2478882597014516,0.043749999999999956,False,517.1134400120936
2,22,-1.3532618157,-2.3079711955,0,0.0443341293784844,0.004920721712050698,0.0009753952851735385,nan,0.04160543274134398,0.004920728326542303,0.945,0.725,0.00469004079932347,0.047113984301686285,0.004920728038996458,0.1351102888584137,0.021792953833937645,1.0,1.0,1.0,1.0,0.725,0.275,-1.326850167103974,-2.307970637084794,-0.125,True,502.35197156714275
2,23,-1.5717805518,-2.4180583034,0,0.026805224456252667,0.0038189299879374835,0.006329381374300456,nan,0.025786027521826328,0.003818936581374146,0.940625,0.7046875,0.004892293878365308,0.02974437762051821,0.0038189368788152933,0.10212928801774979,0.020258048549294472,1.0,1.0,1.0,0.9984375,0.7046875,0.2953125,-1.5265951139403087,-2.4180575197907976,-0.10468750000000004,True,497.86957377940416
3,1,-1.3643873011,-2.2105365331,0,0.04321282898455434,0.0061583372262020005,0.001183148434520437,nan,0.04075920526869595,0.006158337100641802,0.9515625,0.759375,0.004696802189573646,0.04591250412166119,0.006158342584967613,0.1785692423582077,0.020946785807609558,1.0,1.0,1.0,0.9984375,0.759375,0.24062499999999998,-1.3380690196591272,-2.210536155214797,-0.15937500000000004,True,577.2254383610561
3,3,-1.4968407834,-2.4361683942,0,0.03185365093585127,0.003662955189677594,0.0029273109630212173,nan,0.030105287241749466,0.003662962156231515,0.9434374999999999,0.7171875,0.004809001369867474,0.03483044669032097,0.0036629620008170605,0.09577205777168274,0.02136867679655552,1.0,1.0,1.0,1.0,0.7171875,0.2828125,-1.4580409558059744,-2.4361675866374117,-0.1171875,True,578.9034600178711
3,2,-2.0969006878,-1.6044807761,0,0.008000171779415229,0.024861036081180857,0.10070371553422387,nan,0.007318164688767865,0.024559748945757746,0.968125,0.846875,0.003463603716809302,0.008365404596552252,0.024605844169855118,0.7185968160629272,0.014617648907005787,1.0,1.0,1.0,0.99375,0.846875,0.15312499999999996,-2.077513049345851,-1.6089617307306572,-0.24687500000000007,True,583.4043869059533
3,0,-1.7275620332,-1.8604883944,0,0.018725695921766067,0.01378832798860246,0.021637643428203155,nan,0.017384556683246045,0.013788096529897303,0.959375,0.796875,0.0034830721584148704,0.02091603124514222,0.013788329437375069,0.41726410388946533,0.016894802451133728,1.0,1.0,1.0,1.0,0.796875,0.203125,-1.6795207180767138,-1.860488348768229,-0.19687500000000002,True,611.8723090086132
3,4,-2.3595807195,-1.6604693988,0,0.004369374607916595,0.021853983016839756,0.33666219973190364,nan,0.004000013227341697,0.021854007714428008,0.9568749999999999,0.784375,0.004032673216424883,0.0049494279408827425,0.021853985264897346,0.6485447287559509,0.013337596319615841,1.0,1.0,1.0,1.0,0.784375,0.21562499999999996,-2.305444994293698,-1.660469354083355,-0.18437500000000007,True,511.7851834711619
3,6,-1.8893536985,-1.6751219376,0,0.012901681058040265,0.021128957150237458,0.039354650473379355,nan,0.011771919801831246,0.021128673804923892,0.975,0.875,0.0029649731935933233,0.014309454038739204,0.02112875133752823,0.625612735748291,0.015579666942358017,1.0,1.0,1.0,1.0,0.875,0.125,-1.8443769359457536,-1.6751261680326333,-0.275,True,510.6300217290409
3,5,-2.2583619623,-2.2346189837,0,0.0055161750263884165,0.005826141340975696,0.4918625388186928,nan,0.005372840211493895,0.005826147283660248,0.9081250000000001,0.5546875,0.006698494779411704,0.006307615949772298,0.005826147738844156,0.17455576360225677,0.013625049963593483,1.0,1.0,0.9921875,0.99375,0.5546875,0.4453125,-2.200134757317174,-2.2346185067747326,0.04531249999999998,False,518.767686700914
3,7,-2.6320311615,-1.6187957692,0,0.002333290638229416,0.024054937384426323,1.1177880683049304,nan,0.002205755253089592,0.024054949916899205,0.9371875000000001,0.6890625,0.005229079774580896,0.0027968254033476116,0.024054938927292824,0.7109068632125854,0.01238191407173872,1.0,1.0,1.0,0.996875,0.6890625,0.3109375,-2.5533346443647753,-1.6187957413834662,-0.08906250000000004,True,516.2248838571832
3,8,-1.3070130702,-1.8413966991,0,0.0493158961959222,0.014407986764543697,0.0009312348294205951,nan,0.04500191502273083,0.014407479555811733,0.97,0.85,0.0036497159115970136,0.05296028092503548,0.01440809853374958,0.4502757489681244,0.020941393449902534,1.0,1.0,1.0,1.0,0.85,0.15000000000000002,-1.2760497198699208,-1.841393330135955,-0.25,True,512.7712883390486
3,9,-2.5223608031,-1.7034115556,0,0.0030035799519537365,0.01979650137329126,0.7832736573167596,nan,0.002897022566758096,0.019796499265357852,0.9371875,0.6859375,0.005239672183524818,0.0034812403982505203,0.019796505570411682,0.5937040448188782,0.012439842335879803,1.0,1.0,1.0,1.0,0.6859375,0.3140625,-2.458265985325662,-1.7034114635476716,-0.0859375,True,511.95094747981057
3,10,-1.8970277792,-2.2867671167,0,0.012675707843099493,0.0051669336335792284,0.07089979790746555,nan,0.011780208589043469,0.005166939774062485,0.9375,0.6875,0.005022149595897645,0.013827297370880842,0.005166939925402403,0.14633885025978088,0.016647713258862495,1.0,1.0,1.0,1.0,0.6875,0.3125,-1.8592626970861057,-2.286766587848166,-0.08750000000000002,True,519.5185131840408
3,11,-1.7000438879,-1.6890609715,0,0.019950606924682646,0.020461573523114618,0.01487897901355343,nan,0.018349531518761068,0.020461282632313667,0.971875,0.8609375,0.0029650515259709207,0.02159529918804765,0.020461425185203552,0.6128216981887817,0.01750367321074009,1.0,1.0,1.0,0.9984375,0.8609375,0.13906249999999998,-1.6656407747228472,-1.6890641199633774,-0.26093750000000004,True,518.040906406939
3,12,-1.7031467231,-1.840891279,0,0.0198085769511292,0.014424764148353655,0.01806263988911915,nan,0.018355913839768617,0.014424499357119203,0.96,0.803125,0.00347479966469109,0.021870389096438885,0.014424767345190048,0.4374540448188782,0.017144324257969856,1.0,1.0,1.0,0.996875,0.803125,0.19687500000000002,-1.660143490353623,-1.8408911827833214,-0.203125,True,511.2069794209674
3,13,-1.5651669787,-2.4063477547,0,0.0272165467757877,0.003923306567807448,0.00607935594294962,nan,0.026179208848625422,0.003923313935520128,0.9428124999999999,0.715625,0.004773110619280487,0.03016849383711815,0.003923314157873392,0.10533088445663452,0.020287280902266502,1.0,1.0,1.0,0.9984375,0.715625,0.28437500000000004,-1.520446371447703,-2.4063469145143226,-0.11562499999999998,True,513.0819057258777
3,14,-1.36385947,-2.1750306196,0,0.04326538074551675,0.0066829679808816074,0.0012117091287062508,nan,0.04096367437392473,0.006682958954479545,0.9490624999999999,0.7453125,0.004796436368487775,0.04623901821672916,0.006682973820716143,0.19623161852359772,0.02073853835463524,1.0,1.0,1.0,1.0,0.7453125,0.25468749999999996,-1.3349913957722932,-2.1750302401393307,-0.14531250000000007,True,519.851923101116
3,15,-2.6715274377,-1.6417605986,0,0.0021304559660999165,0.022815994389982688,1.3091194575344758,nan,0.0020207637423300183,0.02281599906273186,0.9262499999999999,0.6609375,0.005988898547366262,0.002519533205777407,0.022815996780991554,0.6783854365348816,0.012277261354029179,1.0,0.971875,1.0,0.9984375,0.6609375,0.33906250000000004,-2.5986799135571252,-1.6417605531009187,-0.06093749999999998,True,513.0216765017249
3,16,-2.5135063212,-1.6250247929,0,0.0030654460609810877,0.02371238332947871,0.6918317696487566,nan,0.002880184469977394,0.02371239470783621,0.944375,0.721875,0.004805142031982541,0.0035598344309255483,0.023712383583188057,0.6988511085510254,0.01277057733386755,1.0,1.0,1.0,1.0,0.721875,0.27812499999999996,-2.448570200737114,-1.6250247882826439,-0.12187500000000007,True,509.1831315867603
3,17,-1.4070938046,-1.7029483279,0,0.03916572726779475,0.01981762800612166,0.0018331817401437123,nan,0.035691799437627195,0.01981675809714943,0.9753125,0.8765625,0.0030015569098759444,0.04195978306233883,0.019817747175693512,0.603967547416687,0.02044375240802765,1.0,1.0,1.0,1.0,0.8765625,0.12343749999999998,-1.3771667658329296,-1.7029457163882373,-0.27656250000000004,True,513.6026927968487
3,18,-1.8909390141,-2.4163668483,0,0.012854671593421475,0.003833832650313717,0.08117061067647557,nan,0.012632029636297375,0.0038338391674915327,0.9215625000000001,0.6109375,0.0058791119232773775,0.01460177831351757,0.0038338389713317156,0.10458026826381683,0.01726965792477131,1.0,1.0,1.0,0.996875,0.6109375,0.3890625,-1.8355942493719382,-2.4163661322849572,-0.010937500000000044,True,526.1821992490441
3,19,-1.3433010519,-1.810214047,0,0.04536270544774959,0.015480534549335056,0.0012406635382060803,nan,0.0415602148976177,0.015480023780837656,0.9712500000000001,0.85625,0.0035033531533554194,0.0493210569024086,0.015480536967515945,0.48210784792900085,0.0206737220287323,1.0,1.0,1.0,1.0,0.85625,0.14375000000000004,-1.306967625467103,-1.8102139791838372,-0.25625,True,516.7360139437951
3,20,-1.3715383538,-2.1044188195,0,0.0425071165922175,0.007862871540634923,0.0013623835611193968,nan,0.04003044120967388,0.007862813028041274,0.9509375,0.7546875,0.004577952527906746,0.04499536536633968,0.007862399332225323,0.23544730246067047,0.020437799394130707,1.0,1.0,1.0,1.0,0.7546875,0.24531250000000004,-1.3468322173242613,-2.1044449020858074,-0.15468749999999998,True,509.2783036157489
3,21,-1.6731803623,-1.7980197882,0,0.021223628624931743,0.015921361811306458,0.013764210359289174,nan,0.01961483100662008,0.015921118007972836,0.96875,0.84375,0.003368602453265339,0.02319229993969202,0.015921346843242645,0.4853094220161438,0.017630286514759064,1.0,1.0,1.0,1.0,0.84375,0.15625,-1.6346561810046103,-1.7980201965325795,-0.24375000000000002,True,510.49588667042553
3,22,-1.8003683846,-1.879091042,0,0.015835493977228658,0.013210186775655372,0.033031766270809344,nan,0.014616407952271402,0.013210115567781032,0.9590624999999999,0.796875,0.0036231501237489285,0.017698808386921883,0.013210190460085869,0.3974877595901489,0.016320930793881416,1.0,1.0,1.0,0.9984375,0.796875,0.203125,-1.7520559725311486,-1.8790909208284683,-0.19687500000000002,True,513.8141486649401
3,23,-1.158337489,-2.2784204153,0,0.06944844259890687,0.0052671972777339395,0.00012390228785170857,nan,0.062419235929846766,0.005267204584088176,0.94625,0.73125,0.004893955227453261,0.07152644708752633,0.005267204251140356,0.1506127417087555,0.023672068491578102,1.0,1.0,1.0,1.0,0.73125,0.26875000000000004,-1.145533347003719,-2.2784198402862903,-0.13124999999999998,True,510.7944811019115
4,2,-1.6941966897,-1.618786701,0,0.020221031710864073,0.024055439665833383,0.012759150229037942,nan,0.01859640085371211,0.024054891881532967,0.9778125,0.8890625,0.0027716155780944975,0.022061675302684308,0.02405538037419319,0.7096813917160034,0.017904460430145264,1.0,1.0,1.0,1.0,0.8890625,0.11093750000000002,-1.6563615115202341,-1.6187877714528702,-0.2890625,True,524.1634273971431
4,0,-1.4164647221,-1.6106346577,0,0.03832968744466151,0.02451124338577039,0.0018340593677851976,nan,0.034815548243932425,0.024158127172850073,0.9771875,0.8859375,0.002797901298617944,0.040783859230577944,0.0241804551333189,0.7213695049285889,0.020670900121331215,1.0,1.0,1.0,1.0,0.8859375,0.11406249999999996,-1.389511680881495,-1.6165355289496603,-0.28593750000000007,True,596.2519428217784
4,1,-1.4022917741,-1.8413966991,0,0.039601189032148626,0.014407986764543697,0.0020297812227429114,nan,0.036485070451162754,0.01440763912163675,0.9628125000000001,0.815625,0.003630028360057622,0.042721422761678694,0.014407987706363201,0.44806984066963196,0.020042210817337036,1.0,1.0,1.0,0.9984375,0.815625,0.18437499999999996,-1.36935429232648,-1.8413966707507734,-0.21562500000000007,True,606.2465857616626
4,3,-1.4968407834,-2.370108743,0,0.03185365093585127,0.0042647272093444205,0.003433904469966766,nan,0.030182084441184996,0.00426473421161063,0.9434374999999999,0.7171875,0.004782646882813424,0.034791988022625446,0.004264734219759703,0.1147671565413475,0.020960675552487373,1.0,1.0,1.0,1.0,0.7171875,0.2828125,-1.4585207548514745,-2.3701080290892866,-0.1171875,True,645.9888800247572
4,4,-1.6379962431,-2.3708915061,0,0.023014617261232998,0.004257047479214094,0.012266251038866194,nan,0.022199557358399034,0.004257054975023493,0.9418750000000001,0.7125,0.004885806813836098,0.025646864771842956,0.004257055465131998,0.11639092862606049,0.0192579198628664,1.0,1.0,1.0,0.996875,0.7125,0.2875,-1.5909657180964374,-2.3708906913676504,-0.11250000000000004,True,573.412595693022
4,6,-1.7001025616,-2.3465700831,0,0.019947911756013112,0.004502253214874974,0.01900449274970549,nan,0.019056810901965947,0.004502260173903778,0.94375,0.7203125,0.004819693646859378,0.022081178836524485,0.004502260126173496,0.12522977590560913,0.018669504672288895,1.0,1.0,0.9984375,1.0,0.7203125,0.2796875,-1.6559777448680437,-2.34656941646608,-0.12031250000000004,True,558.7761127250269
4,5,-2.40165791,-1.6959928851,0,0.003965903019749891,0.0201375724006804,0.4222295362500107,nan,0.00369915617571678,0.02013756106607616,0.9550000000000001,0.775,0.004548305911011993,0.004433517688885331,0.020137572661042213,0.6036611795425415,0.01318037323653698,1.0,1.0,1.0,1.0,0.775,0.22499999999999998,-2.3532515544440913,-1.6959928795344759,-0.17500000000000004,True,582.2910713199526
4,7,-2.6846708515,-1.879091042,0,0.0020669460849153994,0.013210186775655372,1.7470006419229047,nan,0.0020753176716971212,0.013210189763922244,0.8303125,0.5796875,0.010700809150002898,0.0025057376734912394,0.013210190460085869,0.41439950466156006,0.012038054876029491,1.0,0.58125,0.996875,0.99375,0.5796875,0.4203125,-2.6010643973955516,-1.8790909208284683,0.020312499999999956,False,572.4474563952535
4,8,-1.8500685506,-1.8108078174,0,0.014123146022619314,0.015459383919692652,0.03933632003639685,nan,0.012990437883418053,0.015459232665598392,0.9675,0.8375,0.00348968853475526,0.015470765680074692,0.01545952819287777,0.4654105305671692,0.01586904749274254,1.0,1.0,1.0,1.0,0.8375,0.16249999999999998,-1.8104881916398443,-1.8108037643864119,-0.23750000000000004,True,539.2247874271125
4,9,-2.5362855792,-1.6562195275,0,0.0029088037456061117,0.022068889109846314,0.6994383109787209,nan,0.002654341021552682,0.022068901099264623,0.9346875000000001,0.6734375,0.0050060563907027246,0.0033259348245337607,0.022068889811635017,0.6574907898902893,0.01279278751462698,1.0,1.0,1.0,1.0,0.6734375,0.3265625,-2.478086265526205,-1.656219513725883,-0.07343750000000004,True,526.8148817494512
4,10,-2.6376494698,-1.6890609715,0,0.0023033001197127175,0.020461573523114618,1.2450517994962866,nan,0.0022369436602457425,0.02046157643198967,0.928125,0.6421875,0.005668701401446014,0.0027741112932562827,0.02046157605946064,0.6130514740943909,0.012074972502887249,1.0,1.0,1.0,0.9984375,0.6421875,0.3578125,-2.556876119658726,-1.6890609176636768,-0.042187500000000044,True,540.5390591821633
4,11,-1.4436260433,-2.4133035913,0,0.03600592368450772,0.0038609698361485294,0.002016972382128432,nan,0.03401345636229962,0.003860976583091542,0.9400000000000001,0.7,0.004929549389053137,0.039239409230649475,0.0038609765470027924,0.10059742629528046,0.021301450207829475,1.0,1.0,1.0,1.0,0.7,0.30000000000000004,-1.4062775397681437,-2.4133028364329845,-0.09999999999999998,True,565.0125235421583
4,12,-1.8031470897,-1.8318973699,0,0.015734498680061704,0.014726604722865421,0.03142122595091085,nan,0.014462250925134867,0.014726499028038234,0.965625,0.828125,0.0034763825382106003,0.01737646175548434,0.014726607128977776,0.44316789507865906,0.016174031421542168,1.0,1.0,1.0,1.0,0.828125,0.171875,-1.7600386511615564,-1.8318972989747864,-0.22812500000000002,True,521.6501703411341
4,13,-2.2604477853,-2.2372201171,0,0.005489745541236075,0.005791350940864194,0.49422771084005945,nan,0.005356082902289927,0.005791356773115695,0.9065625,0.5484375,0.006793009850662201,0.0062832618411630395,0.005791356321424246,0.17374387383460999,0.013696776703000069,1.0,1.0,0.990625,0.99375,0.5484375,0.4515625,-2.2018148416364762,-2.237219713659671,0.051562499999999956,False,533.819416356273
4,14,-1.8909390141,-2.4546782658,0,0.012854671593421475,0.003510118143705236,0.08150820170275949,nan,0.012739712602924556,0.0035101248999126256,0.9228125,0.615625,0.006040775815490633,0.014781301748007536,0.003510124981403351,0.09589460492134094,0.017497507855296135,1.0,1.0,1.0,0.9984375,0.615625,0.384375,-1.8302873171535257,-2.4546774197827568,-0.015625,True,507.64718707092106
4,15,-1.6704818178,-1.6916040254,0,0.021355914930423953,0.020342108885082175,0.012056961734398257,nan,0.019670765595510602,0.02034174689091742,0.9753125,0.8765625,0.0029050381062552333,0.023491623904556037,0.0203421488404274,0.6111212968826294,0.01806185021996498,1.0,1.0,1.0,1.0,0.8765625,0.12343749999999998,-1.6290869607272358,-1.6916031723450549,-0.27656250000000004,True,505.81061844015494
4,16,-1.8488684618,-1.879091042,0,0.014162226575622616,0.013210186775655372,0.04149222688390224,nan,0.01308526267297566,0.013210090363863856,0.9668749999999999,0.834375,0.003999490847345442,0.015788028966635465,0.013210189528763294,0.3988051414489746,0.015842394903302193,1.0,1.0,1.0,1.0,0.834375,0.16562500000000002,-1.801672085466388,-1.8790909514463667,-0.234375,True,493.25039873318747
4,18,-1.8003683846,-2.4202852523,0,0.015835493977228658,0.0037993976320873104,0.04138449003964808,nan,0.015432553838472814,0.0037994042865466325,0.9234375,0.61875,0.005419631032273173,0.017781911361962558,0.003799404250457883,0.1038602963089943,0.018269041553139687,1.0,1.0,0.9984375,1.0,0.61875,0.38125,-1.7500215589260624,-2.420284495757471,-0.018750000000000044,True,489.004355867859
4,17,-1.6030646906,-1.810214047,0,0.02494223170752343,0.015480534549335056,0.008643213048649163,nan,0.023094062726013363,0.01548022891394794,0.9659375000000001,0.8328125,0.003398514441214502,0.027432444505393505,0.015480536967515945,0.47299325466156006,0.018447689712047577,1.0,1.0,1.0,0.996875,0.8328125,0.16718750000000004,-1.561735490685634,-1.8102139791838372,-0.23281249999999998,True,494.8891116930172
4,19,-2.1298174449,-1.9306191556,0,0.007416219156400316,0.011732237456780384,0.13895319868481176,nan,0.0067660315928515045,0.011732235762756317,0.9525,0.7625,0.004580442819278688,0.008250754838809372,0.011732240207493305,0.35073530673980713,0.013531514443457127,1.0,1.0,1.0,1.0,0.7625,0.23750000000000004,-2.0835063172278447,-1.9306190537957382,-0.16249999999999998,True,488.6034923088737
4,20,-2.6030984317,-1.7297245711,0,0.002494029397669026,0.01863268444161246,1.113049903691088,nan,0.002369246208691038,0.01863268794491887,0.9303125,0.6515625,0.005903214220888913,0.0028372235549613835,0.018632687628269196,0.5617800354957581,0.0119336461648345,1.0,1.0,1.0,1.0,0.6515625,0.34843749999999996,-2.547106443245019,-1.729724496797742,-0.05156250000000007,True,509.5121101201512
4,21,-1.700102012,-1.8768640931,0,0.01994793700289668,0.013278099138057836,0.01871230218217706,nan,0.018595398333854974,0.013277927078306676,0.9574999999999999,0.7875,0.0036926387599669395,0.0220543154515326,0.013278101570904255,0.4032168984413147,0.01717378944158554,1.0,1.0,1.0,1.0,0.7875,0.21250000000000002,-1.65650641783279,-1.8768640135385846,-0.1875,True,504.7870124951005
4,22,-1.4515674211,-1.6980057105,0,0.03535351330770211,0.020044456707698964,0.0027362717165509685,nan,0.03247533405199647,0.020043636853806675,0.9778125,0.8890625,0.0029913318576291203,0.03824360202997923,0.020044459030032158,0.6102175116539001,0.019929256290197372,1.0,1.0,1.0,1.0,0.8890625,0.11093750000000002,-1.4174412098041123,-1.69800566021377,-0.2890625,True,507.5274375663139
4,23,-1.7007910916,-2.3824478727,0,0.01991631141842705,0.004145263356219909,0.019263235502210103,nan,0.019224084785673768,0.004145270257722587,0.9346875000000001,0.6734375,0.004928895141929388,0.022282805107533932,0.004145269747823477,0.11283700913190842,0.01886267028748989,1.0,1.0,1.0,1.0,0.6734375,0.3265625,-1.652030138182345,-2.382447203067997,-0.07343750000000004,True,498.10937484307215
5,1,-1.3435154734,-1.6171462787,0,0.04534031433043206,0.02414647398182001,0.0010218493924527498,nan,0.04075479866936803,0.02411833417136222,0.9771875,0.8875,0.0027709026262164116,0.047290390990674495,0.024140313267707825,0.7218596935272217,0.021389029920101166,1.0,1.0,1.0,0.9984375,0.8875,0.11250000000000004,-1.32522709528061,-1.617257098383073,-0.2875,True,533.8556705494411
5,3,-2.1614622315,-1.8386653087,0,0.006895055534896862,0.014498887872800773,0.14833940277592098,nan,0.006320680677890778,0.014498884861823172,0.946875,0.734375,0.004574350402690471,0.007611818192526698,0.01449889037758112,0.4380514621734619,0.013713233172893524,1.0,1.0,1.0,1.0,0.734375,0.265625,-2.1185115933389542,-1.8386652337190548,-0.13437500000000002,True,577.6970615549944
5,2,-1.9231046989,-1.9858454817,0,0.011937002947788624,0.010331289188703496,0.06384675655358059,nan,0.011088647963479161,0.010331241167150437,0.9534375,0.7734375,0.004068913827650249,0.013222164381295443,0.010331294499337673,0.31179535388946533,0.015128775499761105,1.0,1.0,0.9984375,0.9953125,0.7734375,0.2265625,-1.8786974478825291,-1.9858452584710298,-0.17343750000000002,True,598.186071654316
5,0,-2.5956980839,-2.1189058028,0,0.002536891632965346,0.007604912074125273,1.5401658972800985,nan,0.002548667154624127,0.007604917214484886,0.8612500000000001,0.5515625,0.010396686615422368,0.002952221464365721,0.007604916580021381,0.24525122344493866,0.012579013593494892,0.9984375,0.83125,0.971875,0.953125,0.5515625,0.44843750000000004,-2.529851066515553,-2.118905545455177,0.04843750000000002,False,671.0051329480484
5,4,-1.8036304318,-1.8905495271,0,0.015716996924929397,0.0128662051801483,0.032522527883332965,nan,0.014516841294243932,0.012866125707514584,0.96,0.8,0.0036940384982153776,0.017637250609695912,0.012866207398474216,0.38829657435417175,0.016375623643398285,1.0,1.0,1.0,1.0,0.8,0.19999999999999996,-1.7535691141078236,-1.8905494522138304,-0.20000000000000007,True,572.5545148458332
5,5,-2.045875859,-1.7415756871,0,0.008997547354222153,0.018131106667275656,0.08305852048884559,nan,0.008341298167360947,0.018131017796695233,0.9684375,0.8421875,0.0033761611790396272,0.01003830269910395,0.018131107091903687,0.5429074764251709,0.014619733206927776,1.0,1.0,1.0,1.0,0.8421875,0.15781250000000002,-1.9983397125622657,-1.7415756769179827,-0.2421875,True,568.4543548766524
5,6,-1.5013640939,-1.8216098017,0,0.03152360711326404,0.015079613080095889,0.004400676267376751,nan,0.029241342656314374,0.015079221520572901,0.968125,0.840625,0.003462435957044363,0.034389260336756704,0.015079613775014877,0.46511948108673096,0.01915973611176014,1.0,1.0,1.0,1.0,0.840625,0.15937500000000004,-1.4635771651235991,-1.8216097816444838,-0.24062499999999998,True,641.1543252808042
5,7,-1.37812162,-1.8408432687,0,0.041867630239617,0.01442635886475332,0.001693687892367569,nan,0.03846850685309619,0.014425962686073036,0.965625,0.828125,0.003697950253263116,0.045301017351448536,0.014426362700760365,0.4492647051811218,0.02016652561724186,1.0,1.0,1.0,1.0,0.828125,0.171875,-1.3438920446723999,-1.8408431531830622,-0.22812500000000002,True,626.4572145082057
5,8,-2.2223521901,-1.7222414249,0,0.00599304874208497,0.01895651832652418,0.19574200173343068,nan,0.005567407751223072,0.0189563869824633,0.9696875,0.8484375,0.0034980776230804623,0.006702822204679251,0.01895616576075554,0.5655024647712708,0.013451586477458477,1.0,1.0,1.0,1.0,0.8484375,0.15156250000000004,-2.1737423003065257,-1.7222495023008335,-0.24843749999999998,True,604.671192899812
5,9,-1.4719280385,-2.5582983828,0,0.033734320091575995,0.0027650412664161363,0.002086224086918728,nan,0.03184594613965601,0.0027650485088815914,0.925,0.625,0.005198764535598457,0.03706256076693535,0.0027650485280901194,0.06829044222831726,0.022060353308916092,1.0,1.0,1.0,1.0,0.625,0.375,-1.4310645772316806,-2.558297242190454,-0.025000000000000022,True,601.1214808588848
5,10,-2.37932171,-2.2459586745,0,0.004175209672522817,0.005675986129226816,0.8455299956794972,nan,0.004283692466560751,0.005675992027390748,0.8787499999999999,0.5140625,0.009033300592564047,0.005022696554660797,0.00567599106580019,0.17326898872852325,0.013126788660883904,1.0,0.915625,0.984375,0.9796875,0.5140625,0.4859375,-2.299063058873532,-2.2459582968080682,0.0859375,False,578.6163030033931
5,11,-2.1298174449,-2.2469438532,0,0.007416219156400316,0.005663124987275055,0.2768151635556694,nan,0.007033332393039018,0.0056631310202647,0.9284375,0.64375,0.0057851774431765075,0.00830220790579915,0.005663131829351187,0.164506733417511,0.014403787441551685,1.0,1.0,0.9984375,1.0,0.64375,0.35624999999999996,-2.080806395119056,-2.246943328521204,-0.04375000000000007,True,542.737845452968
5,12,-1.3643873011,-2.1152356162,0,0.04321282898455434,0.00766945288471375,0.001255424331116414,nan,0.04075777450576425,0.007669379573781043,0.9496874999999999,0.7484375,0.004595852848142385,0.04575568787753582,0.007669409736990929,0.22913603484630585,0.020384181290864944,1.0,1.0,1.0,1.0,0.7484375,0.2515625,-1.3395549112087817,-2.1152380594971922,-0.1484375,True,572.0452124788426
5,13,-1.6695016093,-1.6447614161,0,0.02140416995494373,0.02265888753593968,0.010972397316445372,nan,0.019589169574901463,0.022658431492745875,0.9775,0.8890625,0.0027802680397871885,0.023561611771583557,0.02265888825058937,0.6744945049285889,0.018157856538891792,1.0,1.0,1.0,0.9984375,0.8890625,0.11093750000000002,-1.6277950042260858,-1.6447614024372708,-0.2890625,True,588.904088716954
5,14,-2.5990776161,-2.2383134929,0,0.002517227014768584,0.00577678902722742,1.1895701232989968,nan,0.002795149536104873,0.005776794848497957,0.6859375,0.5109375,0.017819006703794004,0.0032741873851045967,0.005776795092970133,0.19327512383460999,0.014072657562792301,0.7984375,0.628125,0.7515625,0.740625,0.5109375,0.48906249999999996,-2.4848964690938593,-2.238313036919488,0.08906249999999993,False,529.6947454391047
5,15,-1.3477599615,-2.3054441688,0,0.04489934841776028,0.004949437348943997,0.0009251833886588263,nan,0.04208579472266138,0.004949444343801588,0.943125,0.715625,0.004679158865474165,0.04762241780757904,0.004949444439262152,0.13587622344493866,0.021819693967700005,1.0,1.0,1.0,1.0,0.715625,0.28437500000000004,-1.3221885590816227,-2.3054435466227186,-0.11562499999999998,True,566.252876452636
5,16,-1.6763401738,-2.3446894169,0,0.021069771523514715,0.004521792020425568,0.0157449612051978,nan,0.020137158329598604,0.004521798907080665,0.9418749999999999,0.709375,0.004827165456954391,0.02345214184373617,0.004521798808127642,0.12614889442920685,0.018885739147663116,1.0,1.0,1.0,1.0,0.709375,0.290625,-1.6298174877703027,-2.3446887649592116,-0.109375,True,528.0715048993006
5,17,-1.9292042502,-2.2029997653,0,0.01177052271578636,0.00626614203256889,0.08250284987580317,nan,0.010776597582735121,0.006266148228896782,0.93875,0.69375,0.004838262030389159,0.012607074324041605,0.006266147829592228,0.18065257370471954,0.015880057588219643,1.0,1.0,1.0,1.0,0.69375,0.30625,-1.89938568680879,-2.2029993635528062,-0.09375,True,514.287966561038
5,18,-1.6551574391,-2.3480189219,0,0.022122925706877253,0.004487258388764892,0.013586396982064784,nan,0.021210033548995852,0.004487265625502914,0.943125,0.715625,0.004772438793443143,0.024596619494259356,0.004487264901399612,0.1248161792755127,0.0190480537712574,1.0,1.0,1.0,1.0,0.715625,0.28437500000000004,-1.609124577281711,-2.348018291550001,-0.11562499999999998,True,519.4299390399829
5,19,-1.1740582776,-1.6291280962,0,0.06697947241517752,0.023489398934515838,0.0002683073839749951,nan,0.05920468362048268,0.023488022992387413,0.9765625,0.8828125,0.0030025999818462878,0.07050730966031551,0.023488618433475494,0.7118872404098511,0.02286115661263466,1.0,1.0,1.0,1.0,0.8828125,0.1171875,-1.1517658563337416,-1.6291425270437392,-0.2828125,True,522.1829409841448
5,20,-1.46013715,-2.4328921795,0,0.034662736843767625,0.0036906921446617394,0.0022395116022578014,nan,0.03283108228817582,0.003690698701539077,0.9440625,0.7203125,0.004860704692546278,0.037845168858766556,0.0036906986497342587,0.0953584536910057,0.021205296739935875,1.0,1.0,1.0,1.0,0.7203125,0.2796875,-1.4219895526736213,-2.432891414056695,-0.12031250000000004,True,544.5415193000808
5,21,-1.6869624798,-2.2383834825,0,0.020560682190581613,0.005775858132857973,0.019312453689342226,nan,0.01951272547710687,0.005775864688912407,0.9421875,0.7109375,0.004685573801398278,0.022483012452721596,0.005775865633040667,0.16608455777168274,0.018687808886170387,1.0,1.0,1.0,1.0,0.7109375,0.2890625,-1.6481454989774242,-2.23838291853879,-0.11093750000000002,True,531.7332718973048
5,22,-2.294420525,-1.8542664245,0,0.005076676326741548,0.013987289879381,0.3115560390387149,nan,0.004606450921855867,0.013987295185215772,0.9506249999999999,0.753125,0.004791980066802352,0.005625449912622571,0.013987292535603046,0.42446383833885193,0.01279751118272543,1.0,1.0,1.0,1.0,0.753125,0.24687499999999996,-2.2498427377934047,-1.8542663420229135,-0.15312500000000007,True,528.305138186086
5,23,-1.9227024779,-1.8854046053,0,0.01194806350090878,0.0130195326383864,0.060941648735010664,nan,0.011015037207398564,0.013019429671112448,0.9665625,0.834375,0.004188154877629131,0.013319396115839481,0.013019534759223461,0.3935355246067047,0.014971905387938023,1.0,1.0,1.0,0.9984375,0.834375,0.16562500000000002,-1.8755154650684112,-1.8854045345936352,-0.234375,True,511.90985549474135
6,0,-1.4907835066,-2.2497489616,0,0.032301039093836435,0.00562666473378603,0.003896279995864109,nan,0.03080709598492831,0.005626670785713941,0.9490624999999999,0.7453125,0.004558108188211918,0.03520511832088232,0.005626670550554991,0.15952818095684052,0.020187638700008392,1.0,1.0,1.0,1.0,0.7453125,0.25468749999999996,-1.4533941917229471,-2.2497485126520607,-0.14531250000000007,True,522.7771742977202
6,1,-2.1606912585,-1.8596582447,0,0.006907306722898784,0.013814709449739844,0.14989630192915904,nan,0.006265729040605948,0.013814717889763415,0.9568749999999999,0.784375,0.004415707429870963,0.007751325564458966,0.013814711943268776,0.4179227948188782,0.013645448721945286,1.0,1.0,1.0,1.0,0.784375,0.21562499999999996,-2.110624021867525,-1.8596581663213467,-0.18437500000000007,True,599.5761850401759
6,3,-2.4484291869,-1.6262950795,0,0.003560990483611473,0.023643127295056625,0.47329687379170055,nan,0.003264100739033893,0.02364313040394336,0.95375,0.76875,0.0043839657516218725,0.00401323399040848,0.02364312671124935,0.6976562738418579,0.013234184123575687,1.0,1.0,1.0,1.0,0.76875,0.23124999999999996,-2.396505518117973,-1.6262950902421882,-0.16875000000000007,True,627.9330156440847
6,2,-1.3563192667,-1.8323079324,0,0.04402311135674219,0.014712689431933948,0.0014220779219731349,nan,0.04035029017366469,0.014712190208956599,0.9665625,0.8328125,0.0036095696920529,0.047925456799566744,0.01471269316971302,0.45860907435417175,0.02047582156956196,1.0,1.0,1.0,1.0,0.8328125,0.16718750000000004,-1.3194337389697597,-1.8323078220591493,-0.23281249999999998,True,634.3950299322605
6,4,-2.1944691397,-2.3179837814,0,0.006390441452796697,0.004808573056315747,0.3841697296795577,nan,0.006379963728832081,0.0048085795633960515,0.8978125,0.5109375,0.0074944093357771635,0.007522387118078768,0.004808580502867699,0.1398131102323532,0.014127876609563828,1.0,0.9921875,0.9890625,0.996875,0.5109375,0.48906249999999996,-2.1236443206185665,-2.317983108814394,0.08906249999999993,False,536.1907668970525
6,5,-2.1508255125,-1.9934448344,0,0.007066013901176025,0.010152083137219655,0.17644789014603565,nan,0.006407379707088694,0.010152089043986052,0.9481249999999999,0.740625,0.004703001247253269,0.007851515309885143,0.010152088478207588,0.3048713207244873,0.013649137690663338,1.0,1.0,1.0,1.0,0.740625,0.259375,-2.1050465181320703,-1.9934446059025281,-0.140625,True,524.461936539039
6,7,-2.6320311615,-1.7163072846,0,0.002333290638229416,0.01921731528492489,1.2392460548286977,nan,0.002224524369521532,0.01921732059214264,0.9309375,0.6640625,0.005946452273055911,0.00263822122476995,0.019217319786548615,0.5778952240943909,0.01184026524424553,1.0,0.990625,1.0,1.0,0.6640625,0.3359375,-2.5786887900373636,-1.7163071829046934,-0.06406250000000002,True,558.11176452972
6,6,-1.1995255354,-2.4321857778,0,0.06316470389238082,0.0036967001248940632,0.00013622444673021868,nan,0.055933697279542685,0.00369670671178028,0.9309375,0.65625,0.005240693325176835,0.06514381341636181,0.003696706611663103,0.10016850382089615,0.023852696642279625,1.0,1.0,1.0,0.9984375,0.65625,0.34375,-1.1861268221112116,-2.432185015748734,-0.05625000000000002,True,567.1279363473877
6,8,-2.2393092305,-2.4333632858,0,0.005763559348340019,0.003686690791682219,0.4704168722313397,nan,0.005876883013406768,0.0036866973352152853,0.8865624999999999,0.5171875,0.008120093562174588,0.006771896495483816,0.0036866972222924232,0.10854779183864594,0.014215420000255108,1.0,0.928125,0.99375,0.99375,0.5171875,0.4828125,-2.169289688452021,-2.4333625282705134,0.08281249999999996,False,520.0560257281177
6,9,-1.9223807698,-2.2778853325,0,0.011956917430776752,0.00527369085211597,0.08310704321502599,nan,0.01107439043931663,0.0052736973122227936,0.9390625,0.696875,0.005048358314670622,0.01300706097856164,0.005273697432130575,0.14940257370471954,0.01636369340121746,1.0,1.0,0.9984375,1.0,0.696875,0.303125,-1.885820823729507,-2.2778847906073416,-0.09687500000000004,True,510.76355832023546
6,10,-1.8871450606,-2.5318023877,0,0.012967460667534837,0.002938986642971417,0.07047901668714657,nan,0.012725764289498329,0.002938993751304224,0.8959374999999999,0.5734375,0.006297679429408162,0.014675362333655358,0.002938994439318776,0.07979472726583481,0.018350711092352867,1.0,0.9078125,1.0,0.9984375,0.5734375,0.42656249999999996,-1.833411167248013,-2.5318012356271002,0.026562499999999933,False,512.4468695339747
6,11,-2.2801852865,-2.3012996967,0,0.005245836052154596,0.00499689591646654,0.5329367931307921,nan,0.005200190112227574,0.004996902169659733,0.8765625,0.5078125,0.008227874818257989,0.006145833265036344,0.004996902775019407,0.14990809559822083,0.01363353244960308,1.0,0.8859375,0.9953125,0.99375,0.5078125,0.4921875,-2.211419226223622,-2.3012991005640875,0.09218749999999998,False,523.5137775731273
6,12,-2.3002206704,-1.6920461739,0,0.005009326389098604,0.020321409434456122,0.24489371483997693,nan,0.004649744599009864,0.020321403183043003,0.9584374999999999,0.7921875,0.003914602000731975,0.005728813633322716,0.02032141201198101,0.6061580777168274,0.013482373207807541,1.0,1.0,1.0,1.0,0.7921875,0.20781249999999996,-2.2419353057545868,-1.6920461188435094,-0.19218750000000007,True,528.2876984518953
6,13,-2.6630317607,-1.8024763593,0,0.002172542291215682,0.015758818029697617,1.6222330239824634,nan,0.0021350989551865494,0.015758820036426188,0.9028125000000001,0.5875,0.007679822761565447,0.0025941434013657273,0.0157588180154562,0.48851102590560913,0.01199173741042614,1.0,0.93125,1.0,0.9953125,0.5875,0.4125,-2.5860060202718076,-1.8024763597281659,0.012499999999999956,False,516.9912039129995
6,14,-1.8644883945,-2.3841691235,0,0.013661915834488897,0.004128866837892386,0.06369475116808399,nan,0.013166805729269981,0.004128873954759911,0.9243750000000001,0.6234375,0.005206827053334564,0.015177885312587023,0.004128875210881233,0.11469056457281113,0.01737913303077221,1.0,1.0,1.0,0.9984375,0.6234375,0.3765625,-1.818788733121048,-2.3841682428324082,-0.0234375,True,520.612224929966
6,15,-1.8834978322,-1.8300863574,0,0.01307682066110187,0.014788143038025272,0.046759600019033634,nan,0.012027386082336307,0.014787952157203108,0.9625,0.8125,0.003587994151748717,0.01450620984658599,0.014788147062063217,0.4464920461177826,0.015492566861212254,1.0,1.0,1.0,1.0,0.8125,0.1875,-1.8384460443322101,-1.8300862391967818,-0.21250000000000002,True,527.8681462323293
6,16,-1.4693650507,-2.4580315478,0,0.03393399169823757,0.0034831201221798753,0.0021938338517049107,nan,0.03189682975877076,0.003483127150684595,0.9453125,0.7265625,0.004861181925516576,0.03694898661226034,0.0034831271041184664,0.0897824764251709,0.021558865904808044,1.0,1.0,1.0,1.0,0.7265625,0.2734375,-1.4323974683581586,-2.4580306772471636,-0.12656250000000002,True,522.1896895067766
6,17,-1.5559812834,-2.0907116678,0,0.02779833066337808,0.00811499641338079,0.007484959407750767,nan,0.02643992582336068,0.008114966908469795,0.95,0.75,0.0043205256527289754,0.03033262778073549,0.008114977739751339,0.23990502953529358,0.018723610788583755,1.0,1.0,1.0,1.0,0.75,0.25,-1.5180899641951717,-2.090712667152157,-0.15000000000000002,True,509.90131884021685
6,18,-2.4270392733,-1.8789936845,0,0.0037407675891778687,0.013213148486470915,0.5787203632066001,nan,0.003430357966572046,0.013213151453528553,0.9228125,0.6140625,0.005606577130965889,0.004146349872462452,0.013213152065873146,0.4047487676143646,0.012510961852967739,1.0,1.0,1.0,1.0,0.6140625,0.38593750000000004,-2.382334054565145,-1.8789935668275421,-0.014062499999999978,True,511.1434439900331
6,19,-1.3971548106,-1.609661581,0,0.04007238483020983,0.024566224647948415,0.0015912493034974575,nan,0.03634031923022121,0.02415293282829225,0.9765625,0.8828125,0.0027866368112154307,0.042179068997502324,0.024175778031349182,0.7214767336845398,0.020830946043133736,1.0,1.0,1.0,1.0,0.8828125,0.1171875,-1.3749030105071451,-1.6166195404389823,-0.2828125,True,518.453641036991
6,20,-1.8955807221,-1.7279342528,0,0.012718013388879281,0.01870965361608109,0.04313019133411263,nan,0.011685014788527041,0.01870955088175833,0.9731249999999999,0.865625,0.003123563106637448,0.014021162632852793,0.018709702417254448,0.5589001178741455,0.015492396429181099,1.0,1.0,1.0,1.0,0.865625,0.13437500000000002,-1.8532159732382822,-1.727933120013196,-0.265625,True,524.7032921328209
6,21,-2.4619501438,-1.8413966991,0,0.003451833634731383,0.014407986764543697,0.6982184864562214,nan,0.0032921042997622863,0.014407989368773997,0.94375,0.73125,0.005647414908744395,0.003995684990659356,0.01440798956900835,0.44123774766921997,0.012507892213761806,1.0,1.0,0.9984375,0.9890625,0.73125,0.26875000000000004,-2.3984087577360937,-1.8413966146057743,-0.13124999999999998,True,512.7151128118858
6,22,-1.3426279352,-1.8496884259,0,0.045433067996901486,0.014135512992429317,0.0012551649368081606,nan,0.04155603267252445,0.014134997541550547,0.9653124999999999,0.8265625,0.003778637286741286,0.04904840342700481,0.014135516248643398,0.4409007430076599,0.02047019451856613,1.0,1.0,1.0,1.0,0.8265625,0.17343750000000002,-1.3093751247596042,-1.849688325848466,-0.2265625,True,507.47511193389073
6,23,-2.2986136009,-2.2522644694,0,0.005027897310896521,0.00559416833461866,0.5855827850025239,nan,0.004990970942308195,0.00559417448239401,0.9009375000000001,0.525,0.007307673916220665,0.005907983789220452,0.0055941748432815075,0.16781556606292725,0.013425469398498535,1.0,1.0,0.9875,0.9921875,0.525,0.475,-2.2285607050089986,-2.2522639640843143,0.07499999999999996,False,516.0928089008667
7,0,-2.4372468481,-2.2536769094,0,0.003653870506774672,0.005576004179246885,0.9900924635309533,nan,0.003982843187404796,0.005576010376680643,0.7896875,0.5109375,0.01165878213942051,0.004658180600963533,0.005576010327786207,0.1752297729253769,0.01347735058516264,0.94375,0.7875,0.8578125,0.8484375,0.5109375,0.48906249999999996,-2.3317836775700376,-2.253676430516861,0.08906249999999993,False,555.7864508996718
7,1,-2.5539003024,-2.5171045085,0,0.002793184977410442,0.003040153356319894,0.5581522085144637,nan,0.003308111374499276,0.003040159742231481,0.5840625000000002,0.3921875,0.022276775315403938,0.0038580804830417037,0.0030401593539863825,0.10525429248809814,0.016115829348564148,0.7125,0.3921875,0.6890625,0.6375,0.4890625,0.6078125,-2.4136287168226898,-2.517103651673106,0.20781249999999996,False,577.7950194240548
7,3,-1.308828805,-2.1189974844,0,0.049110142581277855,0.007603306810752998,0.0007392402140041398,nan,0.04598681912757456,0.007603283411590382,0.95,0.75,0.0046079396759159865,0.052021696716547015,0.007603311445564032,0.22899815440177917,0.020524367690086365,1.0,1.0,1.0,1.0,0.75,0.25,-1.2838154871532794,-2.118997219651402,-0.15000000000000002,True,590.0119784027338
7,2,-1.7001025616,-2.4196827383,0,0.019947911756013112,0.0038046723454604582,0.018625431717872214,nan,0.019344074660912158,0.003804678891901858,0.9284375,0.6453125,0.005207551934290677,0.022433117479085923,0.0038046790286898613,0.10229779779911041,0.01923837698996067,1.0,1.0,0.9984375,0.9984375,0.6453125,0.35468750000000004,-1.6491103693111189,-2.41968197541077,-0.04531249999999998,True,634.0813118787482
7,5,-2.6875106,-1.7160437478,0,0.0020534749058146533,0.019228980197359115,1.5883249860229995,nan,0.0019744557165540756,0.01922898135147989,0.9103125000000001,0.5515625,0.00665426407707855,0.00226575248176232,0.0192289799451828,0.5837928652763367,0.011817604303359985,1.0,1.0,1.0,1.0,0.5515625,0.44843750000000004,-2.6447875356359836,-1.7160437535113036,0.04843750000000002,False,564.6250319280662
7,7,-2.1398756678,-2.4452374768,0,0.007246433852396741,0.003587257259972103,0.2770694211208412,nan,0.007016402746085077,0.003587263855151832,0.8865624999999999,0.4984375,0.007033578543923795,0.008130595404654741,0.003587263636291027,0.10318627208471298,0.014862044714391232,1.0,0.934375,1.0,1.0,0.4984375,0.5015625,-2.0898776497948788,-2.4452367048464647,0.1015625,False,509.27579764602706
7,4,-2.3486438996,-2.3416352401,0,0.004480805578831411,0.004553703609322952,0.6962636297785694,nan,0.0047905405273195355,0.004553710100008174,0.8478125000000001,0.515625,0.010343074831180275,0.005413509737700224,0.004553710576146841,0.14036458730697632,0.013612092472612858,1.0,0.7625,0.9859375,0.975,0.515625,0.484375,-2.2665210776849096,-2.341634575648133,0.08437499999999998,False,649.008957629092
7,6,-1.3070130702,-1.7906633127,0,0.0493158961959222,0.016193349422508087,0.0008612697989890954,nan,0.0448098867200315,0.01619271223898977,0.9715624999999999,0.8625,0.0033838021894916893,0.05395813830196858,0.01619335077702999,0.5050398111343384,0.02107432298362255,1.0,1.0,1.0,0.9953125,0.8625,0.13749999999999996,-1.2679430430462784,-1.790663276422404,-0.26250000000000007,True,652.7970706708729
7,9,-2.1354077801,-1.8016607154,0,0.007321367716124946,0.01578844231147891,0.12615869500523194,nan,0.006748286802321673,0.015788427516818047,0.9609375,0.8046875,0.00395268268417567,0.008161435769870877,0.015788445249199867,0.4762561321258545,0.01376292109489441,1.0,1.0,1.0,1.0,0.8046875,0.1953125,-2.088233432902828,-1.801660634585621,-0.20468750000000002,True,512.9970582742244
7,8,-1.2692431802,-1.6208709461,0,0.05379684663890003,0.023940270542472435,0.0005489513052391188,nan,0.047983980523422363,0.023939117519184948,0.978125,0.890625,0.0028978289384394883,0.05594065897166729,0.02393966168165207,0.7210325002670288,0.021807119250297546,1.0,1.0,1.0,1.0,0.890625,0.109375,-1.2522724220175268,-1.6208819913911723,-0.290625,True,542.3019175920635
7,10,-1.2480124612,-1.7163072846,0,0.05649207652806967,0.01921731528492489,0.0004945214377467041,nan,0.05082228865474463,0.01921659187413752,0.9746874999999999,0.8734375,0.0032048200443387034,0.06035608783364296,0.019217314198613167,0.5941176414489746,0.02172818034887314,1.0,1.0,1.0,1.0,0.8734375,0.12656250000000002,-1.2192789181231538,-1.7163073091871257,-0.2734375,True,649.1296717817895
7,11,-1.7371999436,-1.7289316192,0,0.018314710426235267,0.01866673580291233,0.021006469570649364,nan,0.016915145388338715,0.018666525683365763,0.9703125,0.853125,0.003068565346766263,0.019865298718214033,0.018666734918951988,0.5630361437797546,0.01720072329044342,1.0,1.0,1.0,0.9984375,0.853125,0.14687499999999998,-1.7019048999921274,-1.7289316397739958,-0.25312500000000004,True,623.9023900460452
7,12,-1.8955807221,-1.694281383,0,0.012718013388879281,0.02021708872201296,0.042409085047337945,nan,0.011705309029202908,0.020216975724324585,0.9734375,0.8671875,0.003055447534425184,0.013779932837933303,0.020217131823301315,0.6000459790229797,0.015499821864068508,1.0,1.0,1.0,1.0,0.8671875,0.1328125,-1.8607528991327502,-1.6942804571360823,-0.2671875,True,517.6070781908929
7,13,-2.1298174449,-2.2835574478,0,0.007416219156400316,0.005205261498629612,0.2986183745866833,nan,0.007189552068011835,0.005205267843557522,0.9243750000000001,0.6328125,0.0063694736734032625,0.008443774338811636,0.005205267574638128,0.15059742331504822,0.0145063241943717,1.0,1.0,0.9921875,0.996875,0.6328125,0.3671875,-2.0734633817971684,-2.2835569408504632,-0.03281250000000002,True,522.4885533298366
7,14,-1.6525401868,-1.9349441354,0,0.022256650868576307,0.011615980239451866,0.01448856170249558,nan,0.020780845154076813,0.011615836713463067,0.9568749999999999,0.784375,0.0038348958198912444,0.0243192033842206,0.01161598414182663,0.3518229126930237,0.0175003744661808,1.0,1.0,1.0,1.0,0.784375,0.21562499999999996,-1.6140506552012546,-1.9349439895435931,-0.18437500000000007,True,516.0434233467095
7,15,-1.9121199962,-1.8303498942,0,0.012242778828710485,0.014779172078991926,0.051963871137728344,nan,0.011252233379054814,0.014779050766956061,0.9653124999999999,0.8265625,0.0037953560473397373,0.013615617211908102,0.014779174700379372,0.44707414507865906,0.015083258971571922,1.0,1.0,1.0,1.0,0.8265625,0.17343750000000002,-1.8659626667992122,-1.830349817164367,-0.2265625,True,521.4850442712195
7,16,-2.1562934334,-1.6262513171,0,0.006977607989766747,0.023645509855371748,0.12178079395144024,nan,0.006349409635877237,0.023645253889262675,0.974375,0.875,0.0032028655940666796,0.0073678472451865675,0.02364537864923477,0.6936274766921997,0.014271481893956661,1.0,1.0,1.0,0.996875,0.875,0.125,-2.13265938678247,-1.6262537269453812,-0.275,True,523.8201144710183
7,17,-1.749042922,-1.9875460688,0,0.017822026208263137,0.010290913581835008,0.028373783444087645,nan,0.01664911597734317,0.010290856591891497,0.953125,0.7671875,0.0043533618585206565,0.01968440746888518,0.010290917940437794,0.3086703419685364,0.016847899183630943,1.0,1.0,1.0,0.9984375,0.7671875,0.23281249999999998,-1.7058776536127176,-1.9875458848404413,-0.16718750000000004,True,519.5093689518981
7,18,-1.4552308306,-2.5424385378,0,0.035056549633948234,0.002867883215364237,0.001957724974504424,nan,0.03317274692468345,0.00286789050034713,0.9271874999999999,0.6375,0.005074927846435458,0.03848577860742807,0.002867890289053321,0.07052695751190186,0.021940596401691437,1.0,1.0,1.0,0.9984375,0.6375,0.36250000000000004,-1.414699722785441,-2.5424374665921383,-0.03749999999999998,True,518.5136129991151
7,19,-2.1298174449,-1.6333201284,0,0.007416219156400316,0.02326375800617059,0.1050612009804955,nan,0.006721331062726677,0.02326338639948517,0.9734375,0.8671875,0.0030827068199869244,0.007985882181674241,0.023263756185770035,0.6839460730552673,0.014352682046592236,1.0,1.0,1.0,1.0,0.8671875,0.1328125,-2.0976771013826268,-1.6333201623912743,-0.2671875,True,523.6841292860918
7,20,-2.2067770453,-1.6870091569,0,0.006211878529090311,0.020558472490615126,0.18067764254376437,nan,0.005742060811026022,0.020558280516415835,0.9662499999999999,0.8328125,0.0035494733951054514,0.006932641323655844,0.020558476448059082,0.6098958253860474,0.01385149173438549,1.0,1.0,1.0,0.9984375,0.8328125,0.16718750000000004,-2.1591012684564395,-1.687009073271987,-0.23281249999999998,True,524.8927285769023
7,21,-2.3002206704,-1.9274193826,0,0.005009326389098604,0.011818996864891287,0.33253858850827794,nan,0.004494975549168885,0.011819001145195216,0.9428124999999999,0.7140625,0.004965849812142551,0.005601850645616651,0.011819001287221909,0.35810354351997375,0.01267960388213396,1.0,1.0,1.0,1.0,0.7140625,0.28593749999999996,-2.2516684743502258,-1.9274192200515037,-0.11406250000000007,True,511.9865868408233
7,22,-1.8882009879,-2.2308641533,0,0.012935970369973558,0.005876731471064026,0.06640754757965417,nan,0.011922242224682123,0.005876737684011459,0.9459375,0.7296875,0.004837930710054934,0.014007758628576995,0.005876737646758556,0.16798406839370728,0.01632261648774147,1.0,1.0,1.0,1.0,0.7296875,0.27031249999999996,-1.8536313503041248,-2.2308636969167552,-0.12968750000000007,True,493.1301537146792
7,23,-1.4693650507,-2.1983220854,0,0.03393399169823757,0.006333997893833503,0.003460835449870631,nan,0.03251151910983026,0.006333999534836039,0.953125,0.765625,0.004584466207306832,0.03687093034386635,0.006334003526717424,0.18264399468898773,0.019966164603829384,1.0,1.0,1.0,1.0,0.765625,0.234375,-1.4333159039423,-2.198321699152694,-0.16562500000000002,True,500.2877947236411
8,1,-2.3576669832,-1.689652893,0,0.004388670918417407,0.020433704424389423,0.31862520400039557,nan,0.003961891931248828,0.020433393963612614,0.925,0.625,0.005078510793391616,0.0046447544591501355,0.020433705300092697,0.6103706955909729,0.013440409675240517,1.0,1.0,1.0,1.0,0.625,0.375,-2.3330372396584482,-1.6896528744113273,-0.025000000000000022,True,523.0911975386553
8,0,-2.4771741317,-1.6487913841,0,0.00333292751203435,0.022449600446294994,0.5101841994208248,nan,0.003071372746489942,0.022449620170518755,0.9418749999999999,0.709375,0.004617526088841259,0.0038611485669389368,0.02244959957897663,0.6683210730552673,0.013259269297122955,1.0,1.0,1.0,1.0,0.709375,0.290625,-2.4132834875340854,-1.6487914008607365,-0.109375,True,530.8401566818357
8,3,-1.342362213,-2.3223437902,0,0.0454608746376844,0.004760539903582936,0.0008528988629596735,nan,0.042397243091836574,0.0047605471056886015,0.940625,0.703125,0.00466932573588565,0.048144353181123735,0.004760546609759331,0.1303921639919281,0.021860968321561813,1.0,1.0,1.0,1.0,0.703125,0.296875,-1.3174546436607713,-2.3223431783775994,-0.10312500000000002,True,700.4659592430107
8,2,-1.6964865327,-2.2828434425,0,0.020114695720378047,0.005213826289274049,0.019763453840608063,nan,0.0191479763854295,0.005213833973975852,0.9393750000000001,0.696875,0.004741890036966652,0.022053534537553786,0.005213832948356867,0.1477022022008896,0.01860593631863594,1.0,1.0,1.0,1.0,0.696875,0.303125,-1.6565217958950604,-2.2828428877762517,-0.09687500000000004,True,701.6110288710333
8,5,-1.7874935773,-1.6562195275,0,0.016311970324629835,0.022068889109846314,0.02457566167453899,nan,0.015006598280742765,0.02206855160649866,0.9721875000000001,0.8640625,0.0030516153911594305,0.017584265787154437,0.022068843245506287,0.6562346816062927,0.01681498996913433,1.0,1.0,0.9984375,0.9984375,0.8640625,0.13593750000000004,-1.7548757604857481,-1.6562204301033838,-0.2640625,True,517.7915811208077
8,4,-1.712749599,-2.2461228884,0,0.019375387680524943,0.005673840351877831,0.022804487789357644,nan,0.018343262765556576,0.005673848105361685,0.9371875,0.6875,0.004622292392887176,0.02110083431005478,0.0056738462299108505,0.16291360557079315,0.018401512876152992,1.0,1.0,1.0,0.9984375,0.6875,0.3125,-1.6757003727075372,-2.2461224384390266,-0.08750000000000002,True,525.7465866748244
8,7,-2.4205069454,-2.4437226203,0,0.003797458658889586,0.00359979176964887,0.5727726480839489,nan,0.00430926006345544,0.0035997982416301967,0.6171875,0.440625,0.017705578170716763,0.004975170372053981,0.003599798073992133,0.11810661852359772,0.014812827110290527,0.78125,0.440625,0.66875,0.6921875,0.503125,0.559375,-2.303192042480869,-2.44372185973563,0.159375,False,523.5975232967176
8,6,-1.2876081111,-2.4382041151,0,0.05156937748984338,0.0036458255559191476,0.0003935514583143342,nan,0.04719413407146931,0.0036458323447732255,0.930625,0.653125,0.005071982918307185,0.0542870144546032,0.0036458319518715143,0.09718137234449387,0.022640835493803024,1.0,1.0,1.0,1.0,0.653125,0.34687500000000004,-1.2653040419609058,-2.4382033532501226,-0.05312499999999998,True,529.475952534005
8,9,-2.1298174449,-2.3848831289,0,0.007416219156400316,0.004122084318087682,0.2722592075570413,nan,0.007377579852472991,0.004122091268654913,0.8965624999999999,0.5390625,0.00744921422097832,0.00864005426876247,0.004122092388570309,0.11862745136022568,0.014791668392717838,1.0,0.946875,0.996875,1.0,0.5390625,0.4609375,-2.0634835296796643,-2.3848822785935297,0.06093749999999998,False,509.81099608680233
8,8,-1.280194611,-1.790789955,0,0.05245723422651087,0.01618862805616981,0.0006725211300962244,nan,0.04749612724408507,0.01618783158250153,0.9712500000000001,0.8609375,0.003475979710929096,0.056812539473176,0.01618863083422184,0.5060202479362488,0.021306389942765236,1.0,1.0,1.0,0.9953125,0.8609375,0.13906249999999998,-1.2455557976873952,-1.7907898804799076,-0.26093750000000004,True,518.8667240818031
8,11,-2.2021959662,-1.8375674359,0,0.0062777502467278624,0.014535586639422098,0.18240435705657376,nan,0.0057090412487741556,0.014535596978385001,0.9515625,0.7578125,0.004334010658785701,0.006960786543786525,0.014535590074956417,0.44021138548851013,0.013522796332836151,1.0,1.0,1.0,1.0,0.7578125,0.2421875,-2.157341683905785,-1.837567333271206,-0.15781250000000002,True,517.1814232738689
8,10,-2.4274093469,-1.9172780939,0,0.003737581341998314,0.012098231936298038,0.6409112996281982,nan,0.0034457534964894877,0.012098235876765102,0.9384375,0.6921875,0.005553184004966169,0.004129415997304022,0.012098236009478569,0.3700520694255829,0.012240180745720863,1.0,1.0,1.0,1.0,0.6921875,0.30781250000000004,-2.3841113641019978,-1.9172779476337214,-0.09218749999999998,True,524.1121446299367
8,12,-1.9231046989,-1.9389366214,0,0.011937002947788624,0.011509683427636034,0.06549504830855064,nan,0.010986383419949562,0.011509653483517467,0.9556250000000001,0.778125,0.004013294784817845,0.01303164754062891,0.011509686708450317,0.34578737616539,0.014907034114003181,1.0,1.0,1.0,1.0,0.778125,0.22187500000000004,-1.88500067465028,-1.9389364976250312,-0.17812499999999998,True,515.24158778321
8,13,-2.5864389017,-1.6187957692,0,0.002591558986573503,0.024054937384426323,0.9090088826693269,nan,0.002409080968936905,0.02405494934413582,0.93875,0.69375,0.005161348672118038,0.0029520645458251237,0.024054938927292824,0.7099111676216125,0.012641463428735733,1.0,1.0,1.0,1.0,0.69375,0.30625,-2.529874151053188,-1.6187957413834662,-0.09375,True,521.5473262309097
8,14,-1.6740862262,-2.4603809129,0,0.021179405906847876,0.003464328663424887,0.014408960452394615,nan,0.020581157272681595,0.0034643353609135376,0.9209375,0.60625,0.005342351351864635,0.023812452554702757,0.003464335575699806,0.09136029332876205,0.01958213746547699,1.0,1.0,0.9984375,1.0,0.60625,0.39375000000000004,-1.6231958722926965,-2.460380046326772,-0.006249999999999978,True,511.4016830949113
8,15,-1.749042922,-1.8449739204,0,0.017822026208263137,0.014289797669050088,0.023853676470353736,nan,0.01646535749780014,0.014289650446735323,0.9628125000000001,0.815625,0.0035867178649641577,0.019774513375014065,0.014289800077676773,0.4314185082912445,0.016650347039103508,1.0,1.0,1.0,0.9984375,0.815625,0.18437499999999996,-1.7038941951196163,-1.844973847190076,-0.21562500000000007,True,523.6076487139799
8,16,-1.4758973721,-2.0147346498,0,0.03342740228166579,0.009666413081711858,0.003670262408403029,nan,0.03137839855626225,0.009666268776636571,0.9559374999999999,0.7796875,0.004074493495281786,0.03600876431912184,0.009666417725384235,0.2916053831577301,0.019117051735520363,1.0,1.0,1.0,1.0,0.7796875,0.22031250000000002,-1.443591781672162,-2.0147344411535415,-0.1796875,True,504.5208611777052
8,17,-2.3614586612,-1.9274193826,0,0.00435052169622251,0.011818996864891287,0.4891042007951024,nan,0.003965085687232204,0.011819000821560621,0.9415625000000001,0.7078125,0.0051295880577526985,0.004836275679990649,0.011819001287221909,0.3596813678741455,0.012231217697262764,1.0,1.0,1.0,1.0,0.7078125,0.29218750000000004,-2.3154889512177395,-1.9274192200515037,-0.10781249999999998,True,517.9176201517694
8,18,-2.3002206704,-1.8735013541,0,0.005009326389098604,0.013381310430160158,0.3013411631533655,nan,0.004521597701823339,0.013381315667647869,0.9415625000000001,0.7078125,0.004793353311251849,0.00538269623182714,0.013381313532590866,0.4061887264251709,0.012738392688333988,1.0,1.0,1.0,1.0,0.7078125,0.29218750000000004,-2.2690001285557995,-1.8735012533875952,-0.10781249999999998,True,513.0943319853395
8,19,-1.4660431163,-2.433608108,0,0.03419454928348575,0.0036846131015514276,0.0022716950808239944,nan,0.03230547705199569,0.0036846199835417794,0.9415625000000001,0.7078125,0.004907863163389265,0.037324047461152074,0.0036846203729510307,0.09545036405324936,0.02135383151471615,1.0,1.0,1.0,1.0,0.7078125,0.29218750000000004,-1.4280112669959486,-2.4336072509326216,-0.10781249999999998,True,525.9635702562518
8,20,-1.8412268925,-1.6187957692,0,0.014413621306570113,0.024054937384426323,0.03079965121773669,nan,0.013218079917132855,0.024054463375359773,0.9734375,0.86875,0.003004022934474051,0.015521536935120822,0.024054333567619324,0.70686274766922,0.016361795365810394,1.0,1.0,1.0,0.9984375,0.86875,0.13124999999999998,-1.8090652773179057,-1.618806670850995,-0.26875000000000004,True,514.2281672200188
8,21,-1.390919799,-1.6194124958,0,0.04065183938702368,0.024020802041531068,0.0014906511872813403,nan,0.036661567240953444,0.0240195307508111,0.975625,0.878125,0.0027915461617521943,0.04287361729890108,0.024019574746489525,0.7175858020782471,0.020869052037596703,1.0,1.0,1.0,1.0,0.878125,0.12187499999999996,-1.3678098729932668,-1.619434685812708,-0.27812500000000007,True,518.16499909712
8,22,-2.6713070653,-2.2501153743,0,0.0021315372894793907,0.0056219195386770435,1.4085841723396266,nan,0.0025317214138340207,0.005621925240848214,0.6578125,0.5234375,0.017351633943617342,0.0028499319544062016,0.00562192453071475,0.1918351650238037,0.014125827699899673,0.7765625,0.5546875,0.7265625,0.7078125,0.5234375,0.4765625,-2.5451655091769965,-2.2501149887026317,0.07656249999999998,False,495.9174068928696
8,23,-1.6525401868,-2.0021591824,0,0.022256650868576307,0.00995040637159309,0.015853265479137003,nan,0.021022631297819318,0.009950305125676096,0.9528125,0.7640625,0.0042574758920818565,0.02453723978251219,0.009950409643352032,0.29845282435417175,0.017718996852636337,1.0,1.0,1.0,1.0,0.7640625,0.23593750000000002,-1.610174293061557,-2.002159039637669,-0.1640625,True,506.0175117086619
9,1,-1.5130572923,-2.2105365331,0,0.03068617148317339,0.0061583372262020005,0.0050185917348061415,nan,0.029345595953054728,0.006158343538409099,0.9509375,0.7546875,0.004391794567927718,0.03329915568232536,0.006158342584967613,0.17715992033481598,0.0197730902582407,1.0,1.0,1.0,1.0,0.7546875,0.24531250000000004,-1.4775667781199788,-2.210536155214797,-0.15468749999999998,True,512.1283440510742
9,3,-2.1298174449,-2.3045922539,0,0.007416219156400316,0.0049591557258319725,0.30136713317435854,nan,0.007310125748626888,0.004959162326995284,0.9109375,0.6,0.006766054625622927,0.008525688722729683,0.00495916185900569,0.1426011025905609,0.014541944488883018,1.0,0.9734375,0.9890625,0.9921875,0.6,0.4,-2.06927052771383,-2.3045917168095444,0.0,True,541.1278041922487
9,0,-2.2989822629,-1.8743208946,0,0.005023631061698676,0.013356082880538174,0.30967862636889026,nan,0.0045414125983370465,0.013356087810825557,0.944375,0.721875,0.004781701394822449,0.0054932655300945045,0.013356086798012257,0.4051317274570465,0.012698405422270298,1.0,1.0,1.0,1.0,0.721875,0.27812499999999996,-2.2601694078113943,-1.874320767232576,-0.12187500000000007,True,555.2362599340267
9,2,-2.3262780206,-1.8375674359,0,0.004717609392430734,0.014535586639422098,0.36281873001438414,nan,0.00427268425875809,0.014535592829342931,0.9465625,0.7328125,0.0047286095470190056,0.005228713434189558,0.014535588212311268,0.44212621450424194,0.012695600278675556,1.0,1.0,1.0,1.0,0.7328125,0.2671875,-2.2816051595397338,-1.8375673889233368,-0.1328125,True,559.1322519397363
9,4,-1.3070130702,-1.8912525794,0,0.0493158961959222,0.0128453937312433,0.0009510647340200947,nan,0.04511691452004016,0.012845031826291233,0.9584374999999999,0.79375,0.00396438010269776,0.05228174701333046,0.012845522724092007,0.40094974637031555,0.020978325977921486,1.0,1.0,1.0,0.9984375,0.79375,0.20625000000000004,-1.2816499087431255,-1.891248218250912,-0.19374999999999998,True,523.5418311990798
9,5,-1.5450242182,-2.2078703372,0,0.028508592862795782,0.006196260428259144,0.006452819221133597,nan,0.027213973426260054,0.00619626123458147,0.94625,0.73125,0.004356868113391102,0.031082422025501728,0.0061962660402059555,0.17731311917304993,0.01962701790034771,1.0,1.0,1.0,1.0,0.73125,0.26875000000000004,-1.507485147164334,-2.2078699438319744,-0.13124999999999998,True,514.817987287417
9,6,-2.3199952776,-2.2346189837,0,0.0047863529679231815,0.005826141340975696,0.6349850779886943,nan,0.004747246348997578,0.005826147305779159,0.9006250000000001,0.515625,0.007502512340433895,0.005653176521882415,0.005826147273182869,0.1742340624332428,0.013311563059687614,1.0,1.0,0.9890625,0.9984375,0.515625,0.484375,-2.247707453371908,-2.2346185414861996,0.08437499999999998,False,508.08188469009474
9,7,-2.2290416614,-2.0735492059,0,0.005901444655550507,0.008442105868389147,0.2922579635634224,nan,0.005370641790213995,0.008442110850010067,0.944375,0.721875,0.0050606907741166645,0.006584982220083475,0.008442111313343048,0.2560202181339264,0.01310131885111332,1.0,1.0,1.0,1.0,0.721875,0.27812499999999996,-2.1814453933263525,-2.0735489257599173,-0.12187500000000007,True,523.4278686270118
9,8,-1.3422893385,-2.4855283224,0,0.045468503597913816,0.0032694272468517826,0.0006579114363421887,nan,0.0420174228027463,0.0032694341614842417,0.9321875000000001,0.6609375,0.005024768484290689,0.048449355065822604,0.0032694339752197266,0.0832107812166214,0.022558333352208138,1.0,1.0,1.0,1.0,0.6609375,0.33906250000000004,-1.3147119996910002,-2.485527428598593,-0.06093749999999998,True,527.2949831378646
9,9,-1.6964865327,-2.3879030859,0,0.020114695720378047,0.004093519976615157,0.018464623333959974,nan,0.019426714847795665,0.004093526947544887,0.9365625,0.6828125,0.0050409156526438886,0.022577233128249646,0.004093525931239128,0.11124387383460999,0.018971290439367294,1.0,1.0,1.0,1.0,0.6828125,0.31718749999999996,-1.6463292825510627,-2.387902454142532,-0.08281250000000007,True,509.0707550649531
9,10,-1.7679267311,-1.8224554931,0,0.017063702428355795,0.015050277474271874,0.02557747826707942,nan,0.015712164642754944,0.015050161525141447,0.9678125,0.840625,0.003322071663569659,0.018865885492414237,0.015050279907882214,0.45482537150382996,0.016561303287744522,1.0,1.0,1.0,0.9984375,0.840625,0.15937500000000004,-1.7243228058648337,-1.8224554229061338,-0.24062499999999998,True,509.0507061663084
9,11,-1.9520956621,-2.4033066024,0,0.011166172631899809,0.003950875984090473,0.1224404467835351,nan,0.01099412832641974,0.003950883083743975,0.9215625,0.6078125,0.005665582409128548,0.012609326299279928,0.003950884565711021,0.10952818393707275,0.016530904918909073,1.0,1.0,1.0,1.0,0.6078125,0.3921875,-1.8993081166244803,-2.4033056590573763,-0.0078125,True,519.2899498320185
9,13,-1.3505197596,-2.2254147618,0,0.04461493251963931,0.0059509354318368415,0.001027214021587526,nan,0.04200558861717582,0.005950933529529721,0.951875,0.759375,0.004685476280283183,0.04732643149793148,0.0059509421698749065,0.17077206075191498,0.0211724154651165,1.0,1.0,1.0,1.0,0.759375,0.24062499999999998,-1.3248962409193659,-2.2254142701059414,-0.15937500000000004,True,510.62196260038763
9,14,-2.4712735852,-2.2346189837,0,0.00337851938258713,0.005826141340975696,1.073898123519879,nan,0.003634051265544258,0.005826147189363837,0.7921875,0.5078125,0.012360842656344176,0.004316391786560416,0.005826147738844156,0.18399202823638916,0.013499777764081955,0.915625,0.8484375,0.840625,0.8484375,0.5078125,0.4921875,-2.3648791425296762,-2.2346185067747326,0.09218749999999998,False,509.65721654705703
9,12,-2.111631371,-1.6951518634,0,0.007733367144551968,0.02017660708057468,0.1087955853874805,nan,0.007124370983801782,0.020176410754211248,0.9709375,0.8546875,0.003265666861552745,0.008713988708332182,0.020176606252789497,0.5988204479217529,0.014198822900652885,1.0,1.0,1.0,1.0,0.8546875,0.14531249999999996,-2.059783007162739,-1.6951518811930066,-0.25468750000000007,True,523.2411052267998
9,15,-1.108331462,-2.2501153743,0,0.0779235156042869,0.0056219195386770435,8.240402015998933e-05,nan,0.06970638326369226,0.005621908324537799,0.9465625,0.7328125,0.004664870491251349,0.08021912075579167,0.005621925927698612,0.1636335849761963,0.024481194093823433,1.0,1.0,1.0,1.0,0.7328125,0.2671875,-1.0957221024266801,-2.25011488078544,-0.1328125,True,529.1598244551569
9,16,-2.3689001279,-1.9244516134,0,0.004276612215150987,0.011900039051080306,0.505087793010508,nan,0.003917416405165568,0.011900043808855116,0.9415625000000001,0.7078125,0.005075991316698491,0.004706743070855736,0.011900043115019798,0.3617187440395355,0.012262781150639057,1.0,1.0,1.0,1.0,0.7078125,0.29218750000000004,-2.327279508078583,-1.9244514651132454,-0.10781249999999998,True,512.3385491608642
9,17,-2.1436849888,-2.2146698372,0,0.007183151251827882,0.006100004604170115,0.2728187286034828,nan,0.006709476767573505,0.006100010524969548,0.9275,0.6390625,0.005744731454178691,0.008009007051587105,0.006100011989474297,0.17896752059459686,0.014159967191517353,1.0,1.0,1.0,0.9984375,0.6390625,0.3609375,-2.096421323959118,-2.2146693113896574,-0.0390625,True,506.8029247946106
9,18,-2.300401251,-1.7197882202,0,0.00500724393323784,0.0190639012534714,0.25614589595140885,nan,0.004599913607817144,0.019063764954917132,0.95625,0.78125,0.003967995597049594,0.005680866027250886,0.019063901156187057,0.5712622404098511,0.013362638652324677,1.0,1.0,1.0,1.0,0.78125,0.21875,-2.2455854526364427,-1.7197882224153673,-0.18125000000000002,True,514.8302498199046
9,19,-1.6763550537,-2.2828434425,0,0.021069049636258393,0.005213826289274049,0.017085123542426257,nan,0.02004879977554083,0.005213833813322708,0.9378125,0.6890625,0.004761435005348176,0.023116952888667584,0.005213832017034292,0.14722733199596405,0.018830424174666405,1.0,1.0,1.0,1.0,0.6890625,0.3109375,-1.6360694120702985,-2.282842965352249,-0.08906250000000004,True,521.5526005239226
9,21,-2.5864389017,-1.642012122,0,0.002591558986573503,0.022802784241309954,0.9339425647887653,nan,0.002426406739105005,0.022802789988927544,0.931875,0.6609375,0.0052511065662838525,0.0030135020054876806,0.02280278690159321,0.6763173937797546,0.012520268559455872,1.0,1.0,1.0,0.9984375,0.6609375,0.33906250000000004,-2.5209285151726935,-1.6420120713320745,-0.06093749999999998,True,508.7277345233597
9,20,-1.9221374964,-1.7801937682,0,0.011963617067110594,0.01658846618221937,0.05221942645791243,nan,0.011023571623954922,0.016588326822966338,0.9709375,0.85625,0.0033567806053906675,0.013028119578957558,0.016587859019637108,0.49854472279548645,0.015024981461465359,1.0,1.0,1.0,0.9984375,0.85625,0.14375000000000004,-1.8851182639049011,-1.7802096643650396,-0.25625,True,511.3082942953333
9,22,-2.1468961164,-1.6548247921,0,0.007130235655424969,0.02213987720913298,0.11872024225454342,nan,0.006488955985987559,0.022139637363143266,0.9734375,0.86875,0.003179541239514947,0.00761788196861744,0.02213987708091736,0.6540287733078003,0.014283658005297184,1.0,1.0,1.0,0.9984375,0.86875,0.13124999999999998,-2.118165760577048,-1.6548247946238497,-0.26875000000000004,True,516.1005858606659
9,23,-2.6320311615,-1.641018755,0,0.002333290638229416,0.02285500102072767,1.1451390359549443,nan,0.002182769240462221,0.022855003918521105,0.9418749999999999,0.709375,0.005218747910112143,0.0027607209980487824,0.02285500057041645,0.6759650707244873,0.01221995335072279,1.0,1.0,1.0,1.0,0.709375,0.290625,-2.5589774814919917,-1.6410187635355031,-0.109375,True,514.1111119668931
