step,point,seed,rate_budget,conn_budget,final_lambda_rate,train_rate_cost_tail,train_conn_cost_tail,mean_acc,min_task_acc,task_loss,metabolic_cost,wiring_cost,conn_frac,wiring_cost_w_in_l2,acc_fdgo,acc_fdanti,acc_dm1,acc_contextdm1,acc_dmsgo,is_feasible,checkpoint,train_time_s
2000,control,2,nan,nan,0.0,nan,nan,0.4728125,0.0,0.020781122054904698,0.4228588855266571,0.009198606014251709,0.369669109582901,0.029083773493766785,0.8125,0.0,0.5171875,0.5,0.534375,False,control/step_002000/seed_02.pt,315.45962002687156
4000,control,2,nan,nan,0.0,nan,nan,0.930625,0.6546875,0.006166463117115199,0.6055976954102517,0.00987833272665739,0.3812040388584137,0.036982886493206024,1.0,1.0,1.0,0.9984375,0.6546875,True,control/step_004000/seed_02.pt,622.337996661663
8000,control,2,nan,nan,0.0,nan,nan,0.9700000000000001,0.853125,0.0033082349202595645,0.620450331568718,0.010197815485298634,0.3813265860080719,0.047312166541814804,1.0,1.0,1.0,0.996875,0.853125,True,control/step_008000/seed_02.pt,1183.3423942029476
16000,control,2,nan,nan,0.0,nan,nan,0.9893750000000001,0.9484375,0.0015603236755123364,0.6388401520252228,0.010487760417163372,0.3804534375667572,0.06408309191465378,1.0,1.0,1.0,0.9984375,0.9484375,True,control/step_016000/seed_02.pt,2181.1163590038195
32000,control,2,nan,nan,0.0,nan,nan,0.9925,0.965625,0.0007860601041465998,0.6071566039323807,0.010822814889252186,0.379794716835022,0.08220740407705307,1.0,1.0,0.9984375,0.9984375,0.965625,True,control/seed_02.pt,4116.162758554332
2000,control,3,nan,nan,0.0,nan,nan,0.5184375,0.0,0.020070945024490357,0.4162537187337875,0.007530613336712122,0.2737591862678528,0.031301483511924744,0.8984375,0.0,0.55,0.6421875,0.5015625,False,control/step_002000/seed_03.pt,305.84121343214065
4000,control,3,nan,nan,0.0,nan,nan,0.9240625,0.6203125,0.006332811792381108,0.6875312116742134,0.008285125717520714,0.2982843220233917,0.03985627368092537,1.0,1.0,1.0,1.0,0.6203125,True,control/step_004000/seed_03.pt,613.4423861093819
8000,control,3,nan,nan,0.0,nan,nan,0.9834375,0.9171875,0.0032669163425453006,0.7528867781162262,0.008711558766663074,0.3079197406768799,0.05019866302609444,1.0,1.0,1.0,1.0,0.9171875,True,control/step_008000/seed_03.pt,1228.8252181895077
16000,control,3,nan,nan,0.0,nan,nan,0.990625,0.95625,0.0014450529869645832,0.7725544565916062,0.009050588123500347,0.31351104378700256,0.07026033848524094,1.0,1.0,1.0,0.996875,0.95625,True,control/step_016000/seed_03.pt,2135.400905534625
32000,control,3,nan,nan,0.0,nan,nan,0.9925,0.9625,0.000732958135777153,0.6747739440202714,0.00937126949429512,0.31723344326019287,0.08528868108987808,1.0,1.0,1.0,1.0,0.9625,True,control/seed_03.pt,4136.038062744774
2000,control,0,nan,nan,0.0,nan,nan,0.51375,0.015625,0.02160669108852744,0.37286381393671036,0.007446518167853355,0.2706342041492462,0.030812740325927734,0.9140625,0.015625,0.54375,0.596875,0.4984375,False,control/step_002000/seed_00.pt,237.38915403466672
4000,control,0,nan,nan,0.0,nan,nan,0.9159375000000001,0.65,0.006289078302215785,0.5818398299813271,0.008245877921581268,0.2956341803073883,0.038530800491571426,1.0,0.9296875,1.0,1.0,0.65,True,control/step_004000/seed_00.pt,467.20218235906214
8000,control,0,nan,nan,0.0,nan,nan,0.985625,0.928125,0.0033449668087996544,0.6854752278327942,0.00856034830212593,0.3007199764251709,0.048171691596508026,1.0,1.0,1.0,1.0,0.928125,True,control/step_008000/seed_00.pt,924.0507432986051
16000,control,0,nan,nan,0.0,nan,nan,0.9903124999999999,0.9515625,0.0013637200091034174,0.7705485546588897,0.00885310024023056,0.30416667461395264,0.06741560995578766,1.0,1.0,1.0,1.0,0.9515625,True,control/step_016000/seed_00.pt,2044.250329787843
32000,control,0,nan,nan,0.0,nan,nan,0.9934375,0.9671875,0.0007992530617048031,0.691216299533844,0.009091655723750591,0.3045496344566345,0.0880398228764534,1.0,1.0,1.0,1.0,0.9671875,True,control/seed_00.pt,4172.9582550842315
2000,control,1,nan,nan,0.0,nan,nan,0.5815625,0.1140625,0.01747397193685174,0.5920955327153206,0.010572181083261967,0.43484988808631897,0.030607951804995537,1.0,0.1140625,0.690625,0.596875,0.50625,False,control/step_002000/seed_01.pt,243.72512831632048
4000,control,1,nan,nan,0.0,nan,nan,0.9349999999999999,0.675,0.005726214195601642,0.7794494384527206,0.011080710217356682,0.4375765919685364,0.03965425491333008,1.0,1.0,1.0,1.0,0.675,True,control/step_004000/seed_01.pt,471.12217623833567
8000,control,1,nan,nan,0.0,nan,nan,0.9821875,0.9109375,0.002989334246376529,0.8426475834846496,0.01131867803633213,0.4369944930076599,0.04851097613573074,1.0,1.0,1.0,1.0,0.9109375,True,control/step_008000/seed_01.pt,921.3830181639642
16000,control,1,nan,nan,0.0,nan,nan,0.99125,0.95625,0.001270669371006079,0.7764770698547363,0.011589412577450275,0.43573835492134094,0.06567184627056122,1.0,1.0,1.0,1.0,0.95625,True,control/step_016000/seed_01.pt,2159.8918650578707
32000,control,1,nan,nan,0.0,nan,nan,0.994375,0.971875,0.0006607161127612926,0.7147714674472809,0.01188795268535614,0.4381280541419983,0.08478999137878418,1.0,1.0,1.0,1.0,0.971875,True,control/seed_01.pt,4245.134161728434
2000,control,4,nan,nan,0.0,nan,nan,0.4306249999999999,0.2484375,0.021860306747257714,0.41252861723303796,0.00747582595795393,0.2717524468898773,0.03208288177847862,0.509375,0.2484375,0.45,0.4515625,0.49375,False,control/step_002000/seed_04.pt,229.50277107022703
4000,control,4,nan,nan,0.0,nan,nan,0.91375,0.56875,0.006530351543333382,0.5471610656380653,0.00826962385326624,0.29722732305526733,0.04079423099756241,1.0,1.0,1.0,1.0,0.56875,False,control/step_004000/seed_04.pt,456.9316907953471
8000,control,4,nan,nan,0.0,nan,nan,0.97875,0.89375,0.0035850690677762032,0.5970819562673568,0.00860751885920763,0.3029564917087555,0.04833325371146202,1.0,1.0,1.0,1.0,0.89375,True,control/step_008000/seed_04.pt,909.0824397895485
16000,control,4,nan,nan,0.0,nan,nan,0.99,0.95,0.001206748583354056,0.621867139339447,0.008993605151772499,0.30807292461395264,0.0662211999297142,1.0,1.0,1.0,1.0,0.95,True,control/step_016000/seed_04.pt,1807.8970555914566
32000,control,4,nan,nan,0.0,nan,nan,0.9949999999999999,0.975,0.0005535457711084745,0.5818035006523132,0.009358110837638378,0.31291359663009644,0.0854596272110939,1.0,1.0,1.0,1.0,0.975,True,control/seed_04.pt,3606.692062046379
2000,wiring_limited,0,0.0322022890202443,0.0027038098412398,0.003171391270542796,0.030647285487502812,0.0027038141479715705,0.4965625,0.15,0.026572138033807275,0.038166426718235016,0.0027038143016397953,0.07464767247438431,0.02044379524886608,0.9484375,0.15,0.4546875,0.428125,0.5015625,False,wiring_limited/step_002000/seed_00.pt,245.76333458255976
4000,wiring_limited,0,0.0322022890202443,0.0027038098412398,0.0015268417259986977,0.030995842558331786,0.0027038157131755725,0.9237500000000001,0.625,0.006505806904751807,0.036410574577748774,0.0027038154657930136,0.06891850382089615,0.021509049460291862,1.0,0.9984375,1.0,0.9953125,0.625,True,wiring_limited/step_004000/seed_00.pt,493.9371599983424
8000,wiring_limited,0,0.0322022890202443,0.0027038098412398,0.00030678231597804263,0.031219347866717727,0.0027038151904707776,0.9824999999999999,0.9125,0.002926452485844493,0.03429810982197523,0.002703816629946232,0.06162683665752411,0.02626733109354973,1.0,1.0,1.0,1.0,0.9125,True,wiring_limited/step_008000/seed_00.pt,983.9317126413807
16000,wiring_limited,0,0.0322022890202443,0.0027038098412398,2.253193166831751e-05,0.030917027378454805,0.002703813950356562,0.9853125,0.9296875,0.0016382816672557963,0.03352635458111763,0.002703817328438163,0.05188419297337532,0.03456837683916092,1.0,1.0,1.0,0.996875,0.9296875,True,wiring_limited/step_016000/seed_00.pt,1961.6630772855133
32000,wiring_limited,0,0.0322022890202443,0.0027038098412398,1.0000000000000004e-06,0.02995436651748605,0.0027038159251969772,0.9928125,0.9640625,0.0008567669134936295,0.03294974427670241,0.002703817328438163,0.03504902124404907,0.042792193591594696,1.0,1.0,1.0,1.0,0.9640625,True,wiring_limited/seed_00.pt,3916.680956092663
2000,wiring_limited,1,0.0322022890202443,0.0027038098412398,0.003174755540982746,0.03045753475278616,0.0027038153575267643,0.3025,0.0390625,0.02606939386576414,0.03880337808281183,0.00270381523296237,0.0950520858168602,0.01987699791789055,0.265625,0.0390625,0.3984375,0.3203125,0.4890625,False,wiring_limited/step_002000/seed_01.pt,251.2406087424606
4000,wiring_limited,1,0.0322022890202443,0.0027038098412398,0.0016795055298801935,0.030631062434986235,0.0027038166421698407,0.92125,0.60625,0.006724702278152109,0.03596738938242197,0.002703816397115588,0.07311581075191498,0.02221706323325634,1.0,1.0,1.0,1.0,0.60625,True,wiring_limited/step_004000/seed_01.pt,503.0593863995746
8000,wiring_limited,1,0.0322022890202443,0.0027038098412398,0.00026395643795824436,0.030905492932070046,0.0027038172938046046,0.9765625,0.8828125,0.002741669922834262,0.0346209803968668,0.0027038168627768755,0.05929840728640556,0.026384253054857254,1.0,1.0,1.0,1.0,0.8828125,True,wiring_limited/step_008000/seed_01.pt,1001.4379638880491
16000,wiring_limited,1,0.0322022890202443,0.0027038098412398,1.2905710237801976e-05,0.030883349742507563,0.0027038165951671547,0.9903124999999999,0.9515625,0.0012764668432646432,0.03382607966661453,0.00270381779409945,0.04492953419685364,0.033425699919462204,1.0,1.0,1.0,1.0,0.9515625,True,wiring_limited/step_016000/seed_01.pt,1996.3396415458992
32000,wiring_limited,1,0.0322022890202443,0.0027038098412398,1.0000000000000004e-06,0.030265162293799223,0.002703802360992995,0.993125,0.965625,0.0007087964711536188,0.033047150932252405,0.002703814534470439,0.028462009504437447,0.042191002517938614,1.0,1.0,1.0,1.0,0.965625,True,wiring_limited/seed_01.pt,3966.319985901937
2000,wiring_limited,2,0.0322022890202443,0.0027038098412398,0.0031786304666955186,0.030253662941977382,0.002703814946580678,0.32906250000000004,0.1484375,0.02650622297078371,0.037149064280092715,0.002703815931454301,0.0873008593916893,0.01924513839185238,0.303125,0.1484375,0.3140625,0.35,0.5296875,False,wiring_limited/step_002000/seed_02.pt,251.45327009353787
4000,wiring_limited,2,0.0322022890202443,0.0027038098412398,0.0014409452535874578,0.030598916155286135,0.0027038165280828252,0.8884375,0.59375,0.0070403734617866575,0.03576862640678882,0.0027038168627768755,0.07002144306898117,0.021459750831127167,1.0,0.8484375,1.0,1.0,0.59375,False,wiring_limited/step_004000/seed_02.pt,503.2941929688677
8000,wiring_limited,2,0.0322022890202443,0.0027038098412398,0.00015046779455039802,0.03023817390901968,0.002703813835978508,0.9625,0.8125,0.003112010337645188,0.033813576214015484,0.002703817328438163,0.05657169222831726,0.02467924728989601,1.0,1.0,1.0,1.0,0.8125,True,wiring_limited/step_008000/seed_02.pt,1004.9439572850242
16000,wiring_limited,2,0.0322022890202443,0.0027038098412398,2.5145011340216437e-06,0.03056426631635986,0.0027038015643483957,0.9903124999999999,0.9515625,0.0012388202323927544,0.03372367765754461,0.0027038180269300938,0.04244791716337204,0.032869625836610794,1.0,1.0,1.0,1.0,0.9515625,True,wiring_limited/step_016000/seed_02.pt,2001.570355781354
32000,wiring_limited,2,0.0322022890202443,0.0027038098412398,1.0000000000000004e-06,0.030157496456522496,0.0027037953360559185,0.9915625,0.9578125,0.0007502260959881824,0.03397976204752922,0.00270381779409945,0.02708333358168602,0.04250194504857063,1.0,1.0,1.0,1.0,0.9578125,True,wiring_limited/seed_02.pt,3962.9553384557366
2000,wiring_limited,3,0.0322022890202443,0.0027038098412398,0.003116631547478825,0.03042258975096047,0.0027038141514640303,0.395,0.11875,0.026710241921246054,0.03896117784082889,0.0027038143016397953,0.0758272036910057,0.019655603915452957,0.5625,0.11875,0.375,0.4203125,0.4984375,False,wiring_limited/step_002000/seed_03.pt,244.29935720097274
4000,wiring_limited,3,0.0322022890202443,0.0027038098412398,0.0013732293105411244,0.03045731672551483,0.002703815891291015,0.8603125,0.5296875,0.00794375994009897,0.03580395922064781,0.002703816397115588,0.06916360557079315,0.02096255123615265,1.0,0.7734375,0.9984375,1.0,0.5296875,False,wiring_limited/step_004000/seed_03.pt,488.27561063785106
8000,wiring_limited,3,0.0322022890202443,0.0027038098412398,0.00020339194266286764,0.030804966897703706,0.0027038155327318235,0.968125,0.840625,0.003338683006586507,0.03434979513287544,0.0027037975378334522,0.05507046729326248,0.02522222511470318,1.0,1.0,1.0,1.0,0.840625,True,wiring_limited/step_008000/seed_03.pt,934.3186211576685
16000,wiring_limited,3,0.0322022890202443,0.0027038098412398,6.614700976990186e-06,0.030741719353245572,0.0027038016043661626,0.9909375,0.9546875,0.0012511949957115577,0.03357245892286301,0.002703807782381773,0.0390625,0.03368796035647392,1.0,1.0,1.0,1.0,0.9546875,True,wiring_limited/step_016000/seed_03.pt,1820.0695705469698
32000,wiring_limited,3,0.0322022890202443,0.0027038098412398,1.0000000000000004e-06,0.030136548341833987,0.002703807714715367,0.9934375,0.9671875,0.0008118398764054291,0.0334061137214303,0.002703722333535552,0.022870710119605064,0.042114708572626114,1.0,1.0,1.0,1.0,0.9671875,True,wiring_limited/seed_03.pt,3590.2880072863773
2000,wiring_limited,4,0.0322022890202443,0.0027038098412398,0.0030457783679541323,0.02987773482687771,0.002703814166598022,0.3421875,0.1703125,0.025927263982594012,0.038274825066328046,0.002703814534470439,0.07432597875595093,0.019815348088741302,0.4265625,0.1703125,0.309375,0.28125,0.5234375,False,wiring_limited/step_002000/seed_04.pt,232.56185122393072
4000,wiring_limited,4,0.0322022890202443,0.0027038098412398,0.0014061512007955542,0.030661562560126185,0.002703815733548254,0.8678125,0.5875,0.00809974183794111,0.03636676512658596,0.00270381523296237,0.0687040463089943,0.021978279575705528,1.0,0.7609375,0.9921875,0.9984375,0.5875,False,wiring_limited/step_004000/seed_04.pt,457.415503334254
8000,wiring_limited,4,0.0322022890202443,0.0027038098412398,0.00014871294475542302,0.030529630393721162,0.002703817297006026,0.9778125,0.8890625,0.0030651471472810956,0.03511552657932043,0.0027038168627768755,0.05612745136022568,0.025800272822380066,1.0,1.0,1.0,1.0,0.8890625,True,wiring_limited/step_008000/seed_04.pt,903.0893479594961
16000,wiring_limited,4,0.0322022890202443,0.0027038098412398,6.296116105243673e-06,0.030883327298797666,0.0027038167578575666,0.9884375000000001,0.9421875,0.00133927671413403,0.03407183140516281,0.00270381779409945,0.04511335864663124,0.03331262245774269,1.0,1.0,1.0,1.0,0.9421875,True,wiring_limited/step_016000/seed_04.pt,1791.8125672023743
32000,wiring_limited,4,0.0322022890202443,0.0027038098412398,1.0000000000000004e-06,0.030234794516582043,0.002703799509326927,0.991875,0.959375,0.000738330285239499,0.0336531662940979,0.00270381779409945,0.028140319511294365,0.04094923660159111,1.0,1.0,1.0,1.0,0.959375,True,wiring_limited/seed_04.pt,3559.1622151443735
