point,seed,rate_budget,conn_budget,final_lambda_rate,train_rate_cost_tail,train_conn_cost_tail,mean_acc,min_task_acc,task_loss,metabolic_cost,wiring_cost,conn_frac,wiring_cost_w_in_l2,acc_fdgo,acc_fdanti,acc_dm1,acc_contextdm1,acc_dmsgo,is_feasible,checkpoint,train_time_s
control,2,nan,nan,0.0,nan,nan,0.9925,0.965625,0.0007860601041465998,0.6071566039323807,0.010822814889252186,0.379794716835022,0.08220740407705307,1.0,1.0,0.9984375,0.9984375,0.965625,True,control/seed_02.pt,4116.162758554332
control,3,nan,nan,0.0,nan,nan,0.9925,0.9625,0.000732958135777153,0.6747739440202714,0.00937126949429512,0.31723344326019287,0.08528868108987808,1.0,1.0,1.0,1.0,0.9625,True,control/seed_03.pt,4136.038062744774
control,0,nan,nan,0.0,nan,nan,0.9934375,0.9671875,0.0007992530617048031,0.691216299533844,0.009091655723750591,0.3045496344566345,0.0880398228764534,1.0,1.0,1.0,1.0,0.9671875,True,control/seed_00.pt,4172.9582550842315
control,1,nan,nan,0.0,nan,nan,0.994375,0.971875,0.0006607161127612926,0.7147714674472809,0.01188795268535614,0.4381280541419983,0.08478999137878418,1.0,1.0,1.0,1.0,0.971875,True,control/seed_01.pt,4245.134161728434
control,4,nan,nan,0.0,nan,nan,0.9949999999999999,0.975,0.0005535457711084745,0.5818035006523132,0.009358110837638378,0.31291359663009644,0.0854596272110939,1.0,1.0,1.0,1.0,0.975,True,control/seed_04.pt,3606.692062046379
wiring_limited,0,0.0322022890202443,0.0027038098412398,1.0000000000000004e-06,0.02995436651748605,0.0027038159251969772,0.9928125,0.9640625,0.0008567669134936295,0.03294974427670241,0.002703817328438163,0.03504902124404907,0.042792193591594696,1.0,1.0,1.0,1.0,0.9640625,True,wiring_limited/seed_00.pt,3916.680956092663
wiring_limited,1,0.0322022890202443,0.0027038098412398,1.0000000000000004e-06,0.030265162293799223,0.002703802360992995,0.993125,0.965625,0.0007087964711536188,0.033047150932252405,0.002703814534470439,0.028462009504437447,0.042191002517938614,1.0,1.0,1.0,1.0,0.965625,True,wiring_limited/seed_01.pt,3966.319985901937
wiring_limited,2,0.0322022890202443,0.0027038098412398,1.0000000000000004e-06,0.030157496456522496,0.0027037953360559185,0.9915625,0.9578125,0.0007502260959881824,0.03397976204752922,0.00270381779409945,0.02708333358168602,0.04250194504857063,1.0,1.0,1.0,1.0,0.9578125,True,wiring_limited/seed_02.pt,3962.9553384557366
wiring_limited,3,0.0322022890202443,0.0027038098412398,1.0000000000000004e-06,0.030136548341833987,0.002703807714715367,0.9934375,0.9671875,0.0008118398764054291,0.0334061137214303,0.002703722333535552,0.022870710119605064,0.042114708572626114,1.0,1.0,1.0,1.0,0.9671875,True,wiring_limited/seed_03.pt,3590.2880072863773
wiring_limited,4,0.0322022890202443,0.0027038098412398,1.0000000000000004e-06,0.030234794516582043,0.002703799509326927,0.991875,0.959375,0.000738330285239499,0.0336531662940979,0.00270381779409945,0.028140319511294365,0.04094923660159111,1.0,1.0,1.0,1.0,0.959375,True,wiring_limited/seed_04.pt,3559.1622151443735
