step,point,seed,rate_budget,conn_budget,final_lambda_rate,train_rate_cost_tail,train_conn_cost_tail,mean_acc,min_task_acc,task_loss,metabolic_cost,wiring_cost,conn_frac,wiring_cost_w_in_l2,acc_fdgo,acc_reactgo,acc_delaygo,acc_fdanti,acc_reactanti,acc_delayanti,acc_dm1,acc_dm2,acc_contextdm1,acc_contextdm2,acc_multidm,acc_delaydm1,acc_delaydm2,acc_contextdelaydm1,acc_contextdelaydm2,acc_multidelaydm,acc_dmsgo,acc_dmsnogo,acc_dmcgo,acc_dmcnogo,is_feasible,checkpoint,train_time_s
25000,control,0,nan,nan,0.0,nan,nan,0.9417187499999999,0.7515625,0.0035496821417473254,0.39696024741977454,0.024339018389582634,0.713005542755127,0.08892852813005447,1.0,1.0,1.0,1.0,1.0,1.0,1.0,1.0,1.0,0.990625,1.0,0.9,0.8546875,0.809375,0.8,0.853125,0.88125,0.7515625,1.0,0.99375,True,control/step_025000/seed_00.pt,6445.025857502129
50000,control,0,nan,nan,0.0,nan,nan,0.9771093750000001,0.890625,0.001849791860804544,0.4039256988465786,0.02490977570414543,0.7024203538894653,0.12498608976602554,1.0,1.0,1.0,1.0,1.0,1.0,1.0,0.9984375,1.0,1.0,0.9984375,0.9671875,0.9375,0.9421875,0.928125,0.946875,0.9328125,0.890625,1.0,1.0,True,control/seed_00.pt,13079.793650100008
25000,control,1,nan,nan,0.0,nan,nan,0.9444531250000001,0.7078125,0.0035619627923006185,0.434455481544137,0.03435855358839035,0.7986672520637512,0.08906932920217514,1.0,1.0,1.0,1.0,1.0,1.0,1.0,1.0,0.9984375,0.996875,1.0,0.9140625,0.8875,0.7078125,0.8078125,0.8734375,0.88125,0.821875,1.0,1.0,True,control/step_025000/seed_01.pt,6460.991910291836
50000,control,1,nan,nan,0.0,nan,nan,0.9842187499999999,0.9265625,0.0014333850098773838,0.3638994359970093,0.03487970307469368,0.7890012264251709,0.12018361687660217,1.0,1.0,1.0,1.0,1.0,1.0,1.0,1.0,1.0,1.0,0.9984375,0.9625,0.9734375,0.9625,0.9328125,0.98125,0.9265625,0.946875,1.0,1.0,True,control/seed_01.pt,13085.75877711596
25000,control,2,nan,nan,0.0,nan,nan,0.9314062499999999,0.715625,0.003898813990963391,0.5046053621172905,0.029906919226050377,0.7729013562202454,0.08477790653705597,1.0,1.0,1.0,1.0,1.0,1.0,0.9984375,1.0,0.990625,0.9875,0.9890625,0.86875,0.7953125,0.809375,0.715625,0.8234375,0.9046875,0.7515625,1.0,0.99375,True,control/step_025000/seed_02.pt,6473.696689338889
50000,control,2,nan,nan,0.0,nan,nan,0.98140625,0.925,0.0017599284868629185,0.44820401653647424,0.030521748587489128,0.7628063559532166,0.12013699114322662,1.0,1.0,1.0,1.0,1.0,1.0,1.0,1.0,0.9984375,1.0,0.9984375,0.9359375,0.9625,0.9671875,0.940625,0.9640625,0.9359375,0.925,1.0,1.0,True,control/seed_02.pt,13092.275875784922
25000,control,3,nan,nan,0.0,nan,nan,0.9256249999999999,0.6890625,0.004610500463677455,0.4326054932922125,0.02427973598241806,0.7168964743614197,0.09049900621175766,1.0,1.0,1.0,1.0,1.0,1.0,1.0,0.9953125,0.9984375,0.9953125,1.0,0.8359375,0.8265625,0.8046875,0.7125,0.8,0.8546875,0.6890625,1.0,1.0,True,control/step_025000/seed_03.pt,6486.6040105870925
50000,control,3,nan,nan,0.0,nan,nan,0.97625,0.7859375,0.0020196607510297323,0.4139085471630096,0.02476920746266842,0.7063266038894653,0.1288614720106125,1.0,1.0,1.0,1.0,1.0,1.0,1.0,1.0,1.0,1.0,1.0,0.98125,0.946875,0.9703125,0.9390625,0.9640625,0.9375,0.7859375,1.0,1.0,True,control/seed_03.pt,13098.30340294214
25000,control,4,nan,nan,0.0,nan,nan,0.94453125,0.68125,0.0034376527137646913,0.42524149574339387,0.024119466543197632,0.7146905660629272,0.09517214447259903,1.0,1.0,1.0,1.0,1.0,1.0,1.0,1.0,1.0,0.996875,1.0,0.9546875,0.7875,0.8796875,0.7984375,0.9390625,0.8546875,0.68125,1.0,0.9984375,True,control/step_025000/seed_04.pt,6499.177383536007
50000,control,4,nan,nan,0.0,nan,nan,0.979296875,0.8125,0.0016516454328302642,0.41309051029384136,0.02469046786427498,0.7022518515586853,0.13244612514972687,1.0,1.0,1.0,1.0,1.0,1.0,1.0,1.0,1.0,1.0,1.0,0.9875,0.96875,0.9640625,0.953125,0.984375,0.915625,0.8125,1.0,1.0,True,control/seed_04.pt,13104.699019052088
25000,control,5,nan,nan,0.0,nan,nan,0.935546875,0.71875,0.003895021310454467,0.3987700668722391,0.023223163560032845,0.7031709551811218,0.09298771619796753,1.0,1.0,1.0,1.0,1.0,1.0,1.0,0.9984375,0.9953125,0.9921875,1.0,0.9203125,0.73125,0.7203125,0.84375,0.93125,0.86875,0.71875,1.0,0.990625,True,control/step_025000/seed_05.pt,6511.437837166246
50000,control,5,nan,nan,0.0,nan,nan,0.9838281249999999,0.875,0.0015587971763306994,0.43751078873872756,0.023830650374293327,0.6913143396377563,0.12922866642475128,1.0,1.0,1.0,1.0,1.0,1.0,1.0,1.0,0.996875,0.9984375,1.0,0.9859375,0.9703125,0.978125,0.9609375,0.9859375,0.925,0.875,1.0,1.0,True,control/seed_05.pt,13110.712142718956
25000,control,6,nan,nan,0.0,nan,nan,0.952734375,0.6921875,0.0030679368105484177,0.354371095597744,0.026989547535777092,0.7405637502670288,0.0867215096950531,1.0,1.0,1.0,1.0,1.0,1.0,1.0,1.0,0.9984375,1.0,0.996875,0.9171875,0.853125,0.928125,0.8703125,0.915625,0.884375,0.6921875,0.9984375,1.0,True,control/step_025000/seed_06.pt,6524.005441822112
50000,control,6,nan,nan,0.0,nan,nan,0.9823437499999998,0.91875,0.0015252092727678244,0.3710286916792393,0.027432924136519432,0.7277726531028748,0.12153679877519608,1.0,1.0,1.0,1.0,1.0,1.0,1.0,1.0,0.996875,0.9984375,1.0,0.965625,0.9734375,0.925,0.9625,0.9671875,0.9390625,0.91875,1.0,1.0,True,control/seed_06.pt,13116.864333129954
25000,control,7,nan,nan,0.0,nan,nan,0.9388281249999999,0.6953125,0.003437457194304443,0.4891278400272131,0.027429714798927307,0.7511948347091675,0.09258247911930084,1.0,1.0,1.0,1.0,1.0,1.0,1.0,1.0,0.996875,0.996875,0.996875,0.9140625,0.8734375,0.8296875,0.725,0.8828125,0.8796875,0.6953125,0.9859375,1.0,True,control/step_025000/seed_07.pt,6536.319209259935
50000,control,7,nan,nan,0.0,nan,nan,0.9765625,0.86875,0.001884813068827498,0.49309562213718894,0.02791198529303074,0.739782452583313,0.12774987518787384,1.0,1.0,1.0,1.0,1.0,1.0,1.0,1.0,1.0,0.996875,1.0,0.95625,0.86875,0.9625,0.915625,0.9671875,0.9421875,0.921875,1.0,1.0,True,control/seed_07.pt,13123.130901415832
25000,control,8,nan,nan,0.0,nan,nan,0.96578125,0.7625,0.0026813568855141062,0.3572162999585271,0.0302517581731081,0.7718443870544434,0.08649984747171402,1.0,1.0,1.0,1.0,1.0,1.0,1.0,0.996875,0.9984375,0.996875,1.0,0.975,0.8921875,0.940625,0.91875,0.9453125,0.8890625,0.7625,1.0,1.0,True,control/step_025000/seed_08.pt,6549.804064614233
50000,control,8,nan,nan,0.0,nan,nan,0.9800000000000001,0.8359375,0.0016081413667052402,0.3580580439418554,0.030855346471071243,0.7603247761726379,0.11859754472970963,1.0,1.0,1.0,1.0,1.0,1.0,1.0,1.0,0.9984375,1.0,1.0,0.9734375,0.93125,0.9796875,0.965625,0.984375,0.93125,0.8359375,1.0,1.0,True,control/seed_08.pt,13129.140131502878
25000,control,9,nan,nan,0.0,nan,nan,0.9521875000000002,0.6,0.0035216005064285126,0.3745161731541157,0.028169652447104454,0.7560508847236633,0.08696720004081726,1.0,1.0,1.0,1.0,1.0,1.0,1.0,1.0,0.996875,0.9953125,0.9953125,0.9421875,0.9140625,0.8921875,0.93125,0.9203125,0.85625,0.6,1.0,1.0,True,control/step_025000/seed_09.pt,6562.183998337947
50000,control,9,nan,nan,0.0,nan,nan,0.9818750000000002,0.875,0.0015724908025731565,0.3727183734625578,0.02864549309015274,0.7431525588035583,0.11957047879695892,1.0,1.0,1.0,1.0,1.0,1.0,1.0,1.0,0.996875,1.0,1.0,0.9875,0.9796875,0.9515625,0.95625,0.9625,0.928125,0.875,1.0,1.0,True,control/seed_09.pt,13137.824493181892
25000,control,10,nan,nan,0.0,nan,nan,0.9340624999999999,0.6765625,0.004249929883808364,0.45818484351038935,0.03126918524503708,0.7789674997329712,0.08639651536941528,1.0,1.0,1.0,1.0,1.0,1.0,1.0,0.9984375,0.99375,0.9875,1.0,0.9015625,0.884375,0.7359375,0.79375,0.825,0.884375,0.6765625,1.0,1.0,True,control/step_025000/seed_10.pt,6575.249615774956
50000,control,10,nan,nan,0.0,nan,nan,0.9727343749999999,0.78125,0.0019877893269585915,0.40138951063156125,0.03161843121051788,0.7689491510391235,0.11900315433740616,1.0,1.0,1.0,1.0,1.0,1.0,1.0,1.0,0.9984375,1.0,1.0,0.953125,0.9390625,0.9421875,0.9421875,0.959375,0.9390625,0.78125,1.0,1.0,True,control/seed_10.pt,13148.382149273995
25000,control,11,nan,nan,0.0,nan,nan,0.937890625,0.6328125,0.0037518940659356315,0.4104867444187403,0.024029694497585297,0.7147058844566345,0.09455014020204544,1.0,1.0,1.0,1.0,1.0,1.0,1.0,0.9984375,0.996875,0.9921875,1.0,0.921875,0.8625,0.8375,0.8515625,0.8203125,0.8640625,0.6328125,1.0,0.9796875,True,control/step_025000/seed_11.pt,6587.914362967014
50000,control,11,nan,nan,0.0,nan,nan,0.972421875,0.878125,0.0021167818718095077,0.4481146530807018,0.02462983876466751,0.704181969165802,0.132873073220253,1.0,1.0,1.0,1.0,1.0,1.0,1.0,1.0,0.9984375,0.996875,0.9984375,0.9484375,0.884375,0.959375,0.878125,0.9578125,0.94375,0.884375,1.0,0.9984375,True,control/seed_11.pt,13159.08761596214
25000,rate_limited,0,0.0037268172861863,0.0236586960492533,0.12391144444994835,0.003706754425074905,0.023655712039023637,0.91578125,0.4640625,0.004366046370050754,0.006364752801018767,0.02365652658045292,0.6040288209915161,0.03031252510845661,1.0,1.0,1.0,1.0,1.0,1.0,1.0,0.99375,1.0,0.990625,0.9984375,0.9328125,0.834375,0.94375,0.834375,0.9015625,0.9046875,0.5171875,1.0,0.4640625,False,rate_limited/step_025000/seed_00.pt,6600.562948134262
50000,rate_limited,0,0.0037268172861863,0.0236586960492533,0.08715664744883488,0.0037240191416814923,0.023656481884792448,0.9715624999999999,0.60625,0.00202377423964208,0.006426584866712801,0.023658685386180878,0.5253369808197021,0.03878870978951454,1.0,1.0,1.0,1.0,1.0,1.0,1.0,1.0,0.996875,1.0,1.0,0.9796875,0.9703125,0.975,0.9609375,0.9890625,0.953125,0.60625,1.0,1.0,True,rate_limited/seed_00.pt,13169.779691777192
25000,rate_limited,1,0.0037268172861863,0.0236586960492533,0.14910050652665524,0.0037247611437924207,0.02365737353488803,0.9678125,0.71875,0.0028278129011960118,0.0066433643479831515,0.023657027631998062,0.5109221935272217,0.032819341868162155,1.0,1.0,1.0,1.0,1.0,1.0,1.0,1.0,1.0,1.0,1.0,0.96875,0.9484375,0.9421875,0.9390625,0.946875,0.8921875,0.71875,1.0,1.0,True,rate_limited/step_025000/seed_01.pt,6612.834136344027
50000,rate_limited,1,0.0037268172861863,0.0236586960492533,0.08374648370183861,0.0037213972655590626,0.02365692978128791,0.9632031249999999,0.4890625,0.0027257656292567845,0.0072093944082735105,0.02365889586508274,0.44162070751190186,0.041844166815280914,1.0,1.0,1.0,1.0,1.0,1.0,1.0,1.0,1.0,1.0,0.9984375,0.9828125,0.9640625,0.9765625,0.946875,0.9734375,0.9359375,0.4890625,1.0,0.996875,False,rate_limited/seed_01.pt,13178.596866048872
25000,rate_limited,2,0.0037268172861863,0.0236586960492533,0.11233454404200686,0.0037161407840438187,0.023656635377556086,0.92421875,0.46875,0.004105482784107153,0.005855260116513819,0.023653211072087288,0.5514399409294128,0.03254719823598862,1.0,1.0,1.0,1.0,1.0,1.0,1.0,1.0,1.0,1.0,1.0,0.959375,0.934375,0.8828125,0.9359375,0.8953125,0.8984375,0.509375,1.0,0.46875,False,rate_limited/step_025000/seed_02.pt,6625.295188094024
50000,rate_limited,2,0.0037268172861863,0.0236586960492533,0.06650658835423605,0.003702777769463137,0.02365702133253217,0.9389062499999999,0.4890625,0.003115601734498341,0.006254335770499893,0.02365824021399021,0.47437193989753723,0.04279065504670143,1.0,1.0,1.0,1.0,1.0,1.0,1.0,1.0,1.0,1.0,1.0,0.953125,0.9921875,0.9484375,0.9609375,0.984375,0.9421875,0.4890625,1.0,0.5078125,False,rate_limited/seed_02.pt,13184.78683708096
25000,rate_limited,3,0.0037268172861863,0.0236586960492533,0.12939335570116725,0.0037132914105430246,0.023656098791956903,0.92875,0.4609375,0.0038727126691810556,0.006372218140168116,0.02365858107805252,0.6010110378265381,0.030915459617972374,1.0,1.0,1.0,1.0,1.0,1.0,1.0,1.0,1.0,1.0,1.0,0.9625,0.9046875,0.9578125,0.91875,0.9359375,0.915625,0.51875,1.0,0.4609375,False,rate_limited/step_025000/seed_03.pt,6637.794494632166
50000,rate_limited,3,0.0037268172861863,0.0236586960492533,0.07770389832904999,0.003712486743601039,0.02365698423758149,0.9360937500000001,0.4859375,0.003236619672825327,0.006026926356717013,0.023650232702493668,0.5203431248664856,0.041508741676807404,1.0,1.0,1.0,1.0,1.0,1.0,1.0,1.0,1.0,1.0,1.0,0.9890625,0.971875,0.95625,0.9109375,0.975,0.940625,0.4859375,1.0,0.4921875,False,rate_limited/seed_03.pt,13191.273445669096
25000,rate_limited,4,0.0037268172861863,0.0236586960492533,0.1185476144380723,0.0037180536813102663,0.023655900637060405,0.9229687500000001,0.4796875,0.0040102918630873325,0.006227466810378246,0.023654302582144737,0.6070005893707275,0.0312044620513916,1.0,1.0,1.0,1.0,1.0,1.0,1.0,1.0,0.9953125,0.9984375,0.9984375,0.9515625,0.925,0.953125,0.84375,0.9046875,0.9140625,0.4953125,1.0,0.4796875,False,rate_limited/step_025000/seed_04.pt,6650.477479848079
50000,rate_limited,4,0.0037268172861863,0.0236586960492533,0.08556560855201133,0.0037156445818487555,0.023657214343175293,0.97140625,0.63125,0.0019755173256271524,0.006248306400375441,0.02365533821284771,0.524494469165802,0.04160339757800102,1.0,1.0,1.0,1.0,1.0,1.0,1.0,1.0,1.0,1.0,1.0,0.975,0.9546875,0.984375,0.975,0.975,0.9328125,0.63125,1.0,1.0,True,rate_limited/seed_04.pt,13197.630822488107
25000,rate_limited,5,0.0037268172861863,0.0236586960492533,0.13481773578928116,0.0037238910640589895,0.023655940625071526,0.908515625,0.4609375,0.004974109529721318,0.006027878100867383,0.023656051605939865,0.6251531839370728,0.03066592663526535,1.0,1.0,1.0,1.0,1.0,1.0,1.0,1.0,1.0,0.9984375,1.0,0.8875,0.6859375,0.9046875,0.8921875,0.9328125,0.884375,0.525,0.9984375,0.4609375,False,rate_limited/step_025000/seed_05.pt,6663.688319596928
50000,rate_limited,5,0.0037268172861863,0.0236586960492533,0.08974465942623741,0.003710140206757933,0.02365658657774329,0.936171875,0.4859375,0.0032610923117317725,0.006311586488154716,0.023657361045479774,0.5396905541419983,0.04081087186932564,1.0,1.0,1.0,1.0,1.0,1.0,1.0,1.0,1.0,1.0,0.996875,0.9859375,0.95625,0.8984375,0.9734375,0.9796875,0.94375,0.4859375,1.0,0.503125,False,rate_limited/seed_05.pt,13204.242384603247
25000,rate_limited,6,0.0037268172861863,0.0236586960492533,0.13068098017256935,0.003726524673961103,0.023656794832646846,0.8942187500000001,0.4484375,0.005573112037454848,0.005795046207495034,0.023651042953133583,0.5702665448188782,0.031039634719491005,1.0,1.0,1.0,1.0,1.0,1.0,1.0,1.0,0.9859375,0.98125,0.996875,0.7921875,0.8125,0.834375,0.8546875,0.8890625,0.8875,0.5203125,0.88125,0.4484375,False,rate_limited/step_025000/seed_06.pt,6676.786041812971
50000,rate_limited,6,0.0037268172861863,0.0236586960492533,0.10848444900655119,0.0037163575201295315,0.0236567328594625,0.967578125,0.59375,0.002147496054531075,0.006423153592040762,0.02365812286734581,0.48924630880355835,0.04061415418982506,1.0,1.0,1.0,1.0,1.0,1.0,1.0,1.0,1.0,1.0,0.9984375,0.9796875,0.940625,0.978125,0.95625,0.971875,0.9328125,0.59375,1.0,1.0,False,rate_limited/seed_06.pt,13210.90677710995
25000,rate_limited,7,0.0037268172861863,0.0236586960492533,0.12994962110844024,0.00370891127018258,0.02365653230175376,0.9612499999999999,0.6265625,0.0028491971872063003,0.006459060335182585,0.023656336590647697,0.5585018396377563,0.03132821246981621,1.0,1.0,1.0,1.0,1.0,1.0,1.0,1.0,1.0,1.0,1.0,0.9703125,0.9109375,0.91875,0.95,0.9484375,0.9,0.6265625,1.0,1.0,True,rate_limited/step_025000/seed_07.pt,6689.658176855184
50000,rate_limited,7,0.0037268172861863,0.0236586960492533,0.0897392869407739,0.003729703112365678,0.023656968826428055,0.9610156249999999,0.465625,0.0022737163959391186,0.006499482688377611,0.023655733093619347,0.4680759906768799,0.04024527221918106,1.0,1.0,1.0,1.0,1.0,1.0,1.0,1.0,1.0,1.0,1.0,0.9875,0.959375,0.9609375,0.93125,0.978125,0.9375,0.465625,1.0,1.0,False,rate_limited/seed_07.pt,13218.62751413323
25000,rate_limited,8,0.0037268172861863,0.0236586960492533,0.11016759574494252,0.0037131317670457066,0.023656506288796664,0.91953125,0.4625,0.004201000870998542,0.00603454498865176,0.023655656725168228,0.5504902005195618,0.03134860843420029,1.0,1.0,1.0,1.0,1.0,1.0,1.0,1.0,1.0,1.0,1.0,0.9546875,0.7984375,0.9015625,0.8921875,0.94375,0.9046875,0.5328125,1.0,0.4625,False,rate_limited/step_025000/seed_08.pt,6701.910978589207
50000,rate_limited,8,0.0037268172861863,0.0236586960492533,0.10272010128446833,0.003733608616841957,0.023656609287485482,0.9315624999999998,0.496875,0.003414805694046663,0.006176708707935177,0.02365887723863125,0.4745710790157318,0.04124726355075836,1.0,1.0,1.0,1.0,1.0,1.0,1.0,1.0,1.0,1.0,1.0,0.959375,0.959375,0.8609375,0.953125,0.971875,0.9328125,0.496875,1.0,0.496875,False,rate_limited/seed_08.pt,13225.702753543854
25000,rate_limited,9,0.0037268172861863,0.0236586960492533,0.1359640879210039,0.003738111322093755,0.023656689513474702,0.922890625,0.475,0.004130030853120843,0.006172310719266534,0.02365516498684883,0.5681525468826294,0.03121010586619377,1.0,1.0,1.0,1.0,1.0,1.0,1.0,1.0,1.0,0.996875,0.99375,0.9625,0.9109375,0.9015625,0.85,0.94375,0.903125,0.5203125,1.0,0.475,False,rate_limited/step_025000/seed_09.pt,6714.916223111097
50000,rate_limited,9,0.0037268172861863,0.0236586960492533,0.1154877211348352,0.003732819386618212,0.023656809178367256,0.9663281250000001,0.65625,0.002701540026209841,0.006558511684997939,0.023658687248826027,0.4958486557006836,0.04196171835064888,1.0,1.0,1.0,1.0,1.0,1.0,1.0,1.0,1.0,1.0,0.996875,0.9859375,0.9375,0.940625,0.9265625,0.9375,0.9453125,0.65625,1.0,1.0,True,rate_limited/seed_09.pt,13231.934471425135
25000,rate_limited,10,0.0037268172861863,0.0236586960492533,0.12308445230532668,0.0037180563041009007,0.02365700450986624,0.91765625,0.4578125,0.004192232682289613,0.006244088175008073,0.023658927530050278,0.5369025468826294,0.03168096765875816,1.0,1.0,1.0,1.0,1.0,1.0,0.9984375,1.0,0.9984375,0.9984375,1.0,0.909375,0.8625,0.8625,0.89375,0.965625,0.896875,0.509375,1.0,0.4578125,False,rate_limited/step_025000/seed_10.pt,6727.3196741631255
50000,rate_limited,10,0.0037268172861863,0.0236586960492533,0.07104462169403213,0.003717818158585578,0.023656648490577935,0.9377343750000001,0.5,0.0032258614544844024,0.006130957484128885,0.023656006902456284,0.46599265933036804,0.040422022342681885,1.0,1.0,1.0,1.0,1.0,1.0,1.0,1.0,1.0,1.0,1.0,0.9765625,0.9765625,0.9375,0.95,0.95625,0.94375,0.5140625,1.0,0.5,False,rate_limited/seed_10.pt,13238.087232213933
25000,rate_limited,11,0.0037268172861863,0.0236586960492533,0.1247942409160746,0.0037439690156839786,0.023656229022145273,0.9033593750000002,0.471875,0.005158989544943324,0.006742968462058343,0.02365872636437416,0.6056219339370728,0.030617596581578255,1.0,1.0,1.0,1.0,1.0,1.0,1.0,1.0,1.0,0.996875,1.0,0.9765625,0.6125,0.8265625,0.83125,0.90625,0.915625,0.5296875,1.0,0.471875,False,rate_limited/step_025000/seed_11.pt,6739.7739620641805
50000,rate_limited,11,0.0037268172861863,0.0236586960492533,0.10336027470895301,0.003746940729068592,0.02365733886063099,0.9389062500000002,0.5109375,0.00351647464412963,0.006530376095324755,0.023658815771341324,0.522380530834198,0.038684383034706116,1.0,1.0,1.0,1.0,1.0,1.0,1.0,1.0,0.9984375,1.0,1.0,0.95,0.9046875,0.8546875,0.921875,0.9390625,0.9421875,0.5109375,1.0,0.75625,False,rate_limited/seed_11.pt,13244.198636926245
25000,wiring_limited,0,0.0231181524366567,0.0020017280573497,1.0000000000000004e-06,0.022509597235172988,0.002001736257132143,0.9225,0.65,0.004786205224590958,0.029344170247204603,0.0020017363131046295,0.016620710492134094,0.05984126403927803,1.0,1.0,1.0,1.0,1.0,1.0,1.0,1.0,0.9984375,0.996875,0.9953125,0.85,0.7765625,0.65,0.7609375,0.821875,0.86875,0.734375,1.0,0.996875,True,wiring_limited/step_025000/seed_00.pt,6505.355549115222
50000,wiring_limited,0,0.0231181524366567,0.0020017280573497,1.0000000000000004e-06,0.0221089373331517,0.002001735594170168,0.9440624999999999,0.659375,0.00360830966670619,0.03107286078389734,0.0020017034839838743,0.006740196142345667,0.08072030544281006,1.0,1.0,1.0,1.0,1.0,1.0,1.0,1.0,1.0,0.996875,0.996875,0.9203125,0.84375,0.83125,0.7984375,0.9140625,0.9265625,0.659375,1.0,0.99375,True,wiring_limited/seed_00.pt,13322.084741665982
25000,wiring_limited,1,0.0231181524366567,0.0020017280573497,1.0000000000000004e-06,0.022094625412672757,0.0020017362132668495,0.8892968750000001,0.559375,0.005823859569645718,0.030324776945635675,0.002001736080273986,0.014154411852359772,0.060435786843299866,1.0,1.0,1.0,1.0,1.0,1.0,1.0,0.9984375,0.9890625,0.996875,1.0,0.90625,0.75,0.71875,0.703125,0.790625,0.83125,0.559375,0.8546875,0.6875,False,wiring_limited/step_025000/seed_01.pt,6518.848799685016
50000,wiring_limited,1,0.0231181524366567,0.0020017280573497,1.0000000000000004e-06,0.022017940725013615,0.002001735376380384,0.9548437499999999,0.7203125,0.0032932415114919423,0.031883893157355486,0.0020017363131046295,0.006188725586980581,0.08269738405942917,1.0,1.0,1.0,1.0,1.0,1.0,1.0,1.0,1.0,0.9984375,1.0,0.953125,0.878125,0.890625,0.8625,0.8796875,0.928125,0.7203125,0.99375,0.9921875,True,wiring_limited/seed_01.pt,13333.326697888318
25000,wiring_limited,2,0.0231181524366567,0.0020017280573497,1.0000000000000004e-06,0.02216540334299207,0.0020017346698790787,0.8973437500000001,0.5421875,0.005280137602385366,0.029598752460442482,0.002001736778765917,0.01508884783834219,0.058918144553899765,1.0,1.0,1.0,1.0,1.0,1.0,1.0,0.9984375,0.9984375,0.9921875,0.996875,0.8703125,0.6375,0.653125,0.5421875,0.725,0.8765625,0.703125,0.9859375,0.9671875,False,wiring_limited/step_025000/seed_02.pt,6531.704031648114
50000,wiring_limited,2,0.0231181524366567,0.0020017280573497,1.0000000000000004e-06,0.022198982059583067,0.002001724922657013,0.95078125,0.74375,0.003397681387687043,0.030892515047453342,0.0020017363131046295,0.006219362840056419,0.08053186535835266,1.0,1.0,1.0,1.0,1.0,1.0,1.0,1.0,0.9921875,0.9921875,0.9984375,0.9484375,0.884375,0.83125,0.834375,0.8671875,0.9234375,0.74375,1.0,1.0,True,wiring_limited/seed_02.pt,13344.578033091035
25000,wiring_limited,3,0.0231181524366567,0.0020017280573497,1.0000000000000004e-06,0.022060656274855137,0.002001736027095467,0.8859375,0.5828125,0.006169562313589267,0.029668753421865403,0.0020017363131046295,0.015456494875252247,0.06073816865682602,1.0,1.0,1.0,1.0,1.0,0.9140625,1.0,0.9984375,0.9921875,0.9828125,0.9984375,0.840625,0.8234375,0.678125,0.6,0.703125,0.878125,0.5828125,0.9875,0.7390625,False,wiring_limited/step_025000/seed_03.pt,6550.482685073279
50000,wiring_limited,3,0.0231181524366567,0.0020017280573497,1.0000000000000004e-06,0.02227918747290969,0.002001735118823126,0.94609375,0.7375,0.0036873694752284788,0.03160679785069078,0.0020017363131046295,0.005652573425322771,0.0864064022898674,1.0,1.0,1.0,1.0,1.0,1.0,0.9984375,0.9984375,0.9984375,0.9890625,0.996875,0.9546875,0.8828125,0.79375,0.7375,0.8734375,0.9203125,0.7828125,1.0,0.9953125,True,wiring_limited/seed_03.pt,13355.872679585125
25000,wiring_limited,4,0.0231181524366567,0.0020017280573497,1.0000000000000004e-06,0.022034959610551595,0.0020017361025325953,0.8924999999999998,0.465625,0.005639117145838099,0.02961773721501231,0.0020017363131046295,0.014384191483259201,0.05931927263736725,1.0,1.0,1.0,1.0,1.0,1.0,1.0,0.9984375,0.9984375,0.9921875,0.996875,0.9421875,0.8375,0.73125,0.696875,0.81875,0.88125,0.5265625,0.9640625,0.465625,False,wiring_limited/step_025000/seed_04.pt,6564.041221708991
50000,wiring_limited,4,0.0231181524366567,0.0020017280573497,1.0000000000000004e-06,0.021767618249729274,0.0020017342913895846,0.9627343749999999,0.75625,0.002964155366789782,0.031112590979319066,0.002001736778765917,0.0062806373462080956,0.07976129651069641,1.0,1.0,1.0,1.0,1.0,1.0,1.0,1.0,1.0,0.9984375,1.0,0.9578125,0.9390625,0.871875,0.88125,0.9265625,0.9234375,0.75625,1.0,1.0,True,wiring_limited/seed_04.pt,13367.169149263296
25000,wiring_limited,5,0.0231181524366567,0.0020017280573497,1.0000000000000004e-06,0.02224963792786002,0.002001733774039894,0.8728124999999999,0.4671875,0.006401700959104348,0.030022215768694877,0.0020017363131046295,0.015012254938483238,0.05687995254993439,1.0,1.0,1.0,1.0,1.0,1.0,1.0,1.0,0.9953125,1.0,1.0,0.6953125,0.725,0.4671875,0.659375,0.5046875,0.8875,0.54375,1.0,0.978125,False,wiring_limited/step_025000/seed_05.pt,6577.139640362002
50000,wiring_limited,5,0.0231181524366567,0.0020017280573497,1.0000000000000004e-06,0.022467268572375177,0.0020017346808686855,0.9339062499999999,0.715625,0.004037212975199509,0.032142220656387506,0.002001736545935273,0.005621936172246933,0.07495748996734619,1.0,1.0,1.0,1.0,1.0,1.0,1.0,1.0,1.0,0.9984375,0.9890625,0.8875,0.8390625,0.715625,0.821875,0.76875,0.928125,0.7375,1.0,0.9921875,True,wiring_limited/seed_05.pt,13378.459251127206
25000,wiring_limited,6,0.0231181524366567,0.0020017280573497,1.0000000000000004e-06,0.021793440099060535,0.0020017311530187726,0.9325000000000001,0.7390625,0.00459806498765829,0.030288996575400233,0.0020017363131046295,0.013909313827753067,0.06134927645325661,1.0,1.0,1.0,1.0,1.0,1.0,1.0,1.0,0.996875,1.0,1.0,0.8921875,0.7390625,0.809375,0.7703125,0.8078125,0.8859375,0.7484375,1.0,1.0,True,wiring_limited/step_025000/seed_06.pt,6590.208956393879
50000,wiring_limited,6,0.0231181524366567,0.0020017280573497,1.0000000000000004e-06,0.022204409920796753,0.00200173575328663,0.9439062500000001,0.753125,0.003711093866113515,0.031748249386437236,0.0020017484202980995,0.005530024413019419,0.08029157668352127,1.0,1.0,1.0,1.0,1.0,1.0,1.0,1.0,0.996875,1.0,0.99375,0.8703125,0.8203125,0.79375,0.828125,0.8953125,0.9421875,0.753125,0.984375,1.0,True,wiring_limited/seed_06.pt,13389.708695085254
25000,wiring_limited,7,0.0231181524366567,0.0020017280573497,1.0000000000000004e-06,0.02163754004612565,0.002001735041383654,0.8987499999999999,0.4546875,0.005300922208843985,0.02969375131651759,0.002001736778765917,0.016681985929608345,0.06130474433302879,1.0,1.0,1.0,1.0,1.0,0.9953125,1.0,1.0,0.9984375,0.9953125,0.9984375,0.9453125,0.83125,0.75625,0.765625,0.784375,0.9078125,0.5421875,1.0,0.4546875,False,wiring_limited/step_025000/seed_07.pt,6603.278285832144
50000,wiring_limited,7,0.0231181524366567,0.0020017280573497,1.0000000000000004e-06,0.02156837979182601,0.002001734348712489,0.9511718749999998,0.68125,0.003327511963252619,0.03013655051123351,0.002001736545935273,0.0066176471300423145,0.08476608246564865,1.0,1.0,1.0,1.0,1.0,1.0,1.0,1.0,0.9984375,0.996875,0.9984375,0.9046875,0.915625,0.8796875,0.88125,0.846875,0.934375,0.68125,1.0,0.9859375,True,wiring_limited/seed_07.pt,13401.056913162116
25000,wiring_limited,8,0.0231181524366567,0.0020017280573497,1.0000000000000004e-06,0.021948094960302113,0.0020017245622351767,0.875390625,0.459375,0.006051132694701663,0.02961466206703335,0.002001736778765917,0.01096813753247261,0.05879100784659386,1.0,1.0,1.0,1.0,1.0,1.0,0.9984375,1.0,0.9984375,0.9953125,0.996875,0.8921875,0.69375,0.5984375,0.771875,0.7078125,0.875,0.5203125,1.0,0.459375,False,wiring_limited/step_025000/seed_08.pt,6616.630605584942
50000,wiring_limited,8,0.0231181524366567,0.0020017280573497,1.0000000000000004e-06,0.022097382267564535,0.002001730732852593,0.9246875000000001,0.5453125,0.004180964874976781,0.03179182464489713,0.0020017437636852264,0.0049019609577953815,0.07330413162708282,1.0,1.0,1.0,1.0,1.0,1.0,1.0,1.0,0.9984375,0.9953125,0.99375,0.90625,0.921875,0.8484375,0.8546875,0.871875,0.9328125,0.5453125,1.0,0.625,False,wiring_limited/seed_08.pt,13412.475336568896
25000,wiring_limited,9,0.0231181524366567,0.0020017280573497,1.0000000000000004e-06,0.022079155044257642,0.002001734543312341,0.881875,0.4625,0.00589064524276182,0.029075536881573497,0.002001736545935273,0.01871936209499836,0.0581381730735302,1.0,1.0,1.0,1.0,1.0,0.9875,1.0,0.9984375,0.996875,0.99375,0.9984375,0.9078125,0.6703125,0.70625,0.78125,0.728125,0.8859375,0.5203125,1.0,0.4625,False,wiring_limited/step_025000/seed_09.pt,6629.461564796045
50000,wiring_limited,9,0.0231181524366567,0.0020017280573497,1.0000000000000004e-06,0.02217459084428847,0.00200173596679233,0.948515625,0.5125,0.0035315587111108466,0.031173878938425333,0.002001742832362652,0.007352941203862429,0.07687629014253616,1.0,1.0,1.0,1.0,1.0,1.0,1.0,1.0,1.0,1.0,1.0,0.96875,0.8703125,0.86875,0.8953125,0.921875,0.9453125,0.5125,1.0,0.9875,False,wiring_limited/seed_09.pt,13423.699184753
25000,wiring_limited,10,0.0231181524366567,0.0020017280573497,1.0000000000000004e-06,0.02199125398620963,0.002001734978798777,0.8794531250000002,0.4875,0.006387360388616798,0.029673893307335674,0.002001736545935273,0.014093137346208096,0.059659671038389206,1.0,1.0,1.0,1.0,1.0,1.0,1.0,0.9953125,0.9984375,0.9921875,0.9953125,0.9015625,0.8296875,0.6828125,0.7234375,0.7859375,0.8859375,0.5140625,0.796875,0.4875,False,wiring_limited/step_025000/seed_10.pt,6641.886290470138
50000,wiring_limited,10,0.0231181524366567,0.0020017280573497,1.0000000000000004e-06,0.022115444365143774,0.002001735526882112,0.9560937500000002,0.734375,0.003601251048276026,0.031604943603742865,0.002001736545935273,0.005376838147640228,0.07970903813838959,1.0,1.0,1.0,1.0,1.0,1.0,1.0,1.0,0.9984375,1.0,0.99375,0.946875,0.89375,0.8609375,0.896875,0.9,0.909375,0.734375,1.0,0.9875,True,wiring_limited/seed_10.pt,13434.85064708395
25000,wiring_limited,11,0.0231181524366567,0.0020017280573497,1.0000000000000004e-06,0.022283604042977096,0.0020017328556627034,0.9296093750000001,0.621875,0.004628158558334689,0.03073741585947573,0.002001736080273986,0.016222426667809486,0.06360861659049988,1.0,1.0,0.990625,1.0,1.0,1.0,1.0,0.9984375,0.99375,0.990625,1.0,0.9140625,0.859375,0.621875,0.784375,0.8203125,0.8625,0.75625,1.0,1.0,True,wiring_limited/step_025000/seed_11.pt,6655.340850944165
50000,wiring_limited,11,0.0231181524366567,0.0020017280573497,1.0000000000000004e-06,0.022143126533180475,0.0020017351453192533,0.9551562499999999,0.7046875,0.0030412652219820304,0.031685134791769085,0.0020017405040562153,0.007506127469241619,0.08221776783466339,1.0,1.0,1.0,1.0,1.0,1.0,1.0,1.0,0.9984375,0.9984375,0.9984375,0.9109375,0.921875,0.8859375,0.8546875,0.9078125,0.921875,0.7046875,1.0,1.0,True,wiring_limited/seed_11.pt,13446.141962890979
25000,knee,0,0.0045685047224173,0.0024942691549161,0.12289418811572662,0.004570218410156667,0.002494274347741157,0.934375,0.7296875,0.004708948839906952,0.006955614184844308,0.0024942769668996334,0.013985906727612019,0.03746481612324715,1.0,1.0,1.0,1.0,1.0,1.0,1.0,1.0,1.0,1.0,0.99375,0.86875,0.815625,0.790625,0.790625,0.815625,0.89375,0.7296875,0.9953125,0.99375,True,knee/step_025000/seed_00.pt,6668.2949411682785
50000,knee,0,0.0045685047224173,0.0024942691549161,0.11618184451455198,0.004559036403521895,0.0024942739699035884,0.9273437499999998,0.7375,0.0043480102407920645,0.006963675823062659,0.00249414867721498,0.0054381126537919044,0.05017704516649246,1.0,1.0,1.0,1.0,1.0,0.9859375,1.0,1.0,1.0,1.0,1.0,0.85,0.79375,0.75,0.7375,0.778125,0.9078125,0.753125,0.99375,0.996875,True,knee/seed_00.pt,13457.423822151031
25000,knee,1,0.0045685047224173,0.0024942691549161,0.08666800758149504,0.004548713823687285,0.0024942619242705405,0.9014843750000001,0.459375,0.005615779916697648,0.006693782723741606,0.002494277199730277,0.015732230618596077,0.039189547300338745,1.0,1.0,1.0,1.0,1.0,1.0,1.0,1.0,0.9984375,0.9984375,1.0,0.91875,0.8015625,0.7828125,0.8640625,0.8125,0.8875,0.5390625,0.9671875,0.459375,False,knee/step_025000/seed_01.pt,6683.361122729257
50000,knee,1,0.0045685047224173,0.0024942691549161,0.07434133653252145,0.004569903631694615,0.002494267633929849,0.9233593750000001,0.465625,0.004099919060136017,0.007062822585576214,0.0024942769668996334,0.0065870098769664764,0.052863724529743195,1.0,1.0,1.0,1.0,1.0,1.0,1.0,1.0,0.9984375,1.0,0.9890625,0.925,0.9359375,0.890625,0.9171875,0.925,0.9171875,0.465625,1.0,0.503125,False,knee/seed_01.pt,13468.648615084123
25000,knee,2,0.0045685047224173,0.0024942691549161,0.1068548505498205,0.004588477035332471,0.002494277115724981,0.8821875,0.4578125,0.006245468661581981,0.006928118333453312,0.002494277199730277,0.014613970182836056,0.03709530457854271,1.0,1.0,1.0,1.0,1.0,0.9921875,1.0,1.0,0.9984375,0.996875,0.990625,0.8921875,0.7921875,0.6109375,0.784375,0.8,0.8796875,0.5046875,0.94375,0.4578125,False,knee/step_025000/seed_02.pt,6705.831203604117
50000,knee,2,0.0045685047224173,0.0024942691549161,0.08304544908726154,0.004566356887714938,0.0024942720821592955,0.9135156249999999,0.4953125,0.0047611934595988715,0.007121203680289909,0.0024942809250205755,0.005361519753932953,0.0468599833548069,1.0,1.0,1.0,1.0,1.0,1.0,1.0,0.9984375,0.9953125,0.99375,0.9984375,0.9484375,0.853125,0.7421875,0.9046875,0.8890625,0.934375,0.4953125,1.0,0.5171875,False,knee/seed_02.pt,13479.417768409941
25000,knee,3,0.0045685047224173,0.0024942691549161,0.09790732691000897,0.004589831527043134,0.0024942759228870274,0.89296875,0.4609375,0.005274381755007199,0.006981152629596182,0.002494277199730277,0.013556985184550285,0.03471251577138901,1.0,1.0,1.0,1.0,1.0,1.0,1.0,1.0,0.990625,0.9984375,0.996875,0.934375,0.8359375,0.7296875,0.76875,0.7453125,0.865625,0.5328125,1.0,0.4609375,False,knee/step_025000/seed_03.pt,6726.39244793728
50000,knee,3,0.0045685047224173,0.0024942691549161,0.14315529187719064,0.004585411932924763,0.002494277241639793,0.912109375,0.49375,0.004835527851500956,0.007116079200932291,0.002494277199730277,0.005070465616881847,0.043592993170022964,1.0,1.0,1.0,1.0,1.0,1.0,1.0,1.0,1.0,0.9984375,0.996875,0.896875,0.8703125,0.8625,0.8390625,0.86875,0.903125,0.49375,1.0,0.5125,False,knee/seed_03.pt,13490.640948683023
25000,knee,4,0.0045685047224173,0.0024942691549161,0.1039049553823784,0.004570426464919001,0.0024942729557864366,0.8959374999999999,0.4578125,0.0054388140983064655,0.006705128335161134,0.002494277199730277,0.013020833022892475,0.0355822816491127,1.0,1.0,1.0,1.0,1.0,0.95625,1.0,1.0,0.996875,1.0,0.9984375,0.903125,0.8109375,0.8234375,0.7890625,0.825,0.834375,0.5234375,1.0,0.4578125,False,knee/step_025000/seed_04.pt,6739.053775876295
50000,knee,4,0.0045685047224173,0.0024942691549161,0.12369612260649011,0.004590421547600999,0.0024942730476148426,0.938203125,0.528125,0.004238642340278603,0.00712761226168368,0.002494134707376361,0.0055759805254638195,0.04315456748008728,1.0,1.0,1.0,1.0,1.0,1.0,1.0,1.0,1.0,0.9984375,0.996875,0.928125,0.8703125,0.853125,0.8796875,0.8359375,0.8859375,0.528125,1.0,0.9875,False,knee/seed_04.pt,13501.874250277877
25000,knee,5,0.0045685047224173,0.0024942691549161,0.10578989340405384,0.004576107681822031,0.0024942747166380288,0.8571875000000002,0.44375,0.00726364031128469,0.006845280235284008,0.002494277199730277,0.013465073890984058,0.03485496714711189,1.0,1.0,1.0,1.0,1.0,1.0,0.996875,0.9984375,1.0,0.990625,0.99375,0.803125,0.678125,0.55,0.7265625,0.6375,0.8859375,0.5109375,0.928125,0.44375,False,knee/step_025000/seed_05.pt,6752.203359107021
50000,knee,5,0.0045685047224173,0.0024942691549161,0.09842894364113482,0.004566665557865054,0.0024942697774153204,0.9149218750000001,0.4921875,0.004775807534788328,0.007085928861051798,0.002494277199730277,0.005392157007008791,0.04231248423457146,1.0,1.0,1.0,1.0,1.0,1.0,1.0,1.0,0.9984375,0.9984375,1.0,0.909375,0.903125,0.7890625,0.8625,0.9203125,0.9375,0.4921875,0.984375,0.503125,False,knee/seed_05.pt,13512.997922682203
25000,knee,6,0.0045685047224173,0.0024942691549161,0.11011408162910229,0.004565170774329453,0.0024942742557264863,0.8853906250000001,0.4578125,0.006199512053208308,0.006848287414759398,0.0024942767340689898,0.012852328829467297,0.03547903150320053,1.0,1.0,1.0,1.0,1.0,1.0,1.0,1.0,0.9953125,0.9953125,0.9984375,0.8328125,0.834375,0.7765625,0.75625,0.696875,0.859375,0.521875,0.9828125,0.4578125,False,knee/step_025000/seed_06.pt,6765.179049665108
50000,knee,6,0.0045685047224173,0.0024942691549161,0.07990393679529192,0.004564147473545745,0.0024942730677314103,0.9200000000000002,0.4875,0.004385971250194416,0.006912926610093564,0.002494277199730277,0.0054381126537919044,0.045287176966667175,1.0,1.0,1.0,1.0,1.0,1.0,1.0,1.0,1.0,0.9984375,0.9953125,0.9140625,0.8640625,0.9375,0.878125,0.884375,0.903125,0.4875,1.0,0.5375,False,knee/seed_06.pt,13524.194971417077
25000,knee,7,0.0045685047224173,0.0024942691549161,0.07710388807843363,0.004560944454278797,0.0024942769069224596,0.8867187500000002,0.459375,0.0059315454560419315,0.006642361230915412,0.0024942767340689898,0.020680146291851997,0.03852172940969467,1.0,1.0,1.0,1.0,1.0,0.990625,1.0,1.0,0.9984375,0.99375,1.0,0.8578125,0.809375,0.7828125,0.721875,0.7921875,0.8140625,0.5140625,1.0,0.459375,False,knee/step_025000/seed_07.pt,6778.5483404658735
50000,knee,7,0.0045685047224173,0.0024942691549161,0.08504345372587895,0.004569479907210916,0.0024942756277509036,0.9186718749999999,0.5015625,0.004435089441394665,0.0069126165652414785,0.002494277199730277,0.00727634783834219,0.04880858585238457,1.0,1.0,1.0,1.0,1.0,1.0,1.0,0.996875,0.9984375,0.9953125,0.990625,0.8828125,0.9015625,0.8953125,0.859375,0.890625,0.9375,0.5015625,0.9984375,0.525,False,knee/seed_07.pt,13535.673776836134
25000,knee,8,0.0045685047224173,0.0024942691549161,0.10733059600071891,0.004568566656392068,0.0024942771221511065,0.8786718749999999,0.4734375,0.0062381960369384615,0.00674770005454775,0.002494277199730277,0.010830269195139408,0.03513598442077637,1.0,1.0,0.996875,1.0,1.0,1.0,1.0,1.0,1.0,0.99375,1.0,0.884375,0.75625,0.8125,0.6984375,0.79375,0.76875,0.51875,0.8765625,0.4734375,False,knee/step_025000/seed_08.pt,6791.944256597199
50000,knee,8,0.0045685047224173,0.0024942691549161,0.12207557117576986,0.004574917470570654,0.0024942753938026726,0.942109375,0.6828125,0.004077461018023314,0.007247280212177429,0.002494277199730277,0.0047640930861234665,0.043707847595214844,1.0,1.0,1.0,1.0,1.0,1.0,1.0,1.0,1.0,0.9953125,1.0,0.90625,0.9078125,0.9,0.89375,0.88125,0.9203125,0.6828125,0.9390625,0.815625,True,knee/seed_08.pt,13546.910914827138
25000,knee,9,0.0045685047224173,0.0024942691549161,0.08556504315658751,0.004591149427741766,0.0024942760412581264,0.8914843750000001,0.4640625,0.005718892622680869,0.006978772698785178,0.0024942769668996334,0.01375612709671259,0.03651747107505798,1.0,1.0,1.0,1.0,1.0,0.9984375,1.0,1.0,0.996875,0.9984375,0.9984375,0.8984375,0.828125,0.715625,0.7359375,0.8171875,0.8734375,0.5140625,0.990625,0.4640625,False,knee/step_025000/seed_09.pt,6804.641142705921
50000,knee,9,0.0045685047224173,0.0024942691549161,0.08731041923508945,0.004580893172696233,0.0024942768489476293,0.913828125,0.4828125,0.00478177559129108,0.007128392062732018,0.002494277199730277,0.004564951173961163,0.04717585816979408,1.0,1.0,1.0,1.0,1.0,1.0,1.0,1.0,0.9953125,0.996875,1.0,0.9203125,0.8609375,0.8765625,0.8609375,0.8578125,0.9234375,0.4828125,0.9984375,0.503125,False,knee/seed_09.pt,13558.159184104297
25000,knee,10,0.0045685047224173,0.0024942691549161,0.10600784033038534,0.0045583086234517395,0.0024942765541374682,0.8820312500000002,0.46875,0.0061175263344921404,0.0068280934687936674,0.0024942769668996334,0.010554534383118153,0.03606805205345154,1.0,1.0,1.0,1.0,1.0,0.9984375,0.9984375,0.9984375,0.9984375,0.990625,0.9953125,0.8,0.703125,0.7546875,0.7234375,0.821875,0.8765625,0.5140625,0.9984375,0.46875,False,knee/step_025000/seed_10.pt,6817.884432347026
50000,knee,10,0.0045685047224173,0.0024942691549161,0.17471535205424885,0.004583059916552156,0.0024942770833615213,0.931953125,0.7515625,0.004845481196898617,0.007305260492721573,0.002494277199730277,0.004243259783834219,0.04592563956975937,1.0,1.0,1.0,1.0,1.0,0.9921875,1.0,1.0,0.99375,1.0,1.0,0.8484375,0.796875,0.753125,0.771875,0.8390625,0.89375,0.7515625,0.9984375,1.0,True,knee/seed_10.pt,13569.155639441218
25000,knee,11,0.0045685047224173,0.0024942691549161,0.09537329325056226,0.004558464450482279,0.002494274783227593,0.8946875000000001,0.4640625,0.005747455374294076,0.007042875144979917,0.0024942774325609207,0.01485906820744276,0.035363998264074326,1.0,1.0,1.0,1.0,1.0,1.0,1.0,1.0,1.0,0.996875,0.996875,0.8328125,0.859375,0.746875,0.83125,0.8015625,0.840625,0.5234375,1.0,0.4640625,False,knee/step_025000/seed_11.pt,6830.757879721001
50000,knee,11,0.0045685047224173,0.0024942691549161,0.11173738736107597,0.004574345372710377,0.0024942771506961435,0.9296875,0.6125,0.004153606555264559,0.007212196654872969,0.0024942769668996334,0.005621936172246933,0.04235212877392769,1.0,1.0,1.0,1.0,1.0,1.0,1.0,1.0,0.9984375,0.9984375,0.996875,0.928125,0.8671875,0.85625,0.8953125,0.8859375,0.90625,0.6125,1.0,0.6484375,True,knee/seed_11.pt,13580.264914060012
