point,seed,stat,obs,null_mean,null_std,z
control,0,recip E↔E,0.31355920596625325,0.0002249354624668555,0.006882182828362068,45.52832703201503
control,0,recip E↔I (back inhibition),-0.20630972374360665,0.00019453155227721057,0.009804730285914977,-21.06169667844289
control,0,recip I↔I,0.41473020181186904,0.00050398888399326,0.02653237865171682,15.612102418908927
control,0,hub lateral (I in-change vs out-to-E change),0.32054202937610204,0.0021106084345429775,0.14087461119513783,2.260388995860096
control,0,hub disinhibition (I in-from-I vs out-to-E),-0.24002001498878864,-0.011305766428318981,0.143965742855652,-1.5886713326641269
control,1,recip E↔E,0.1176451994041512,2.3518987726256804e-05,0.007091538532613344,16.58620056501047
control,1,recip E↔I (back inhibition),-0.09506892222275286,-0.000812123924060187,0.009617439882349038,-9.800612164125186
control,1,recip I↔I,0.14407776221735186,-0.0025513723760161038,0.028158516779140875,5.20727479161783
control,1,hub lateral (I in-change vs out-to-E change),0.5834150374104332,0.0069267675614575076,0.13853575334531873,4.1612959537744905
control,1,hub disinhibition (I in-from-I vs out-to-E),-0.41531142485156014,-0.0023784518532905885,0.13165686499132115,-3.1364332807521293
control,2,recip E↔E,0.1284602057085586,-0.00099479091506359,0.006899650778511195,18.762543319845527
control,2,recip E↔I (back inhibition),-0.09755503072057929,0.0005729906565729451,0.009951233290954445,-9.860890455291553
control,2,recip I↔I,0.27737238900408445,-0.00011061005605522714,0.027667819361685487,10.029088141452858
control,2,hub lateral (I in-change vs out-to-E change),0.5245757077186202,0.010637891088724644,0.13655220598411338,3.7636727501105884
control,2,hub disinhibition (I in-from-I vs out-to-E),-0.4550005490785694,-0.011315735364759178,0.13471911669364262,-3.2934064934731544
control,3,recip E↔E,0.24105593678190484,9.180315517234469e-05,0.007055239179109611,34.15392837995079
control,3,recip E↔I (back inhibition),-0.21034161798344608,0.0008144466840157885,0.00939006173717027,-22.487185982133337
control,3,recip I↔I,0.48871346598056786,0.003362434137771813,0.02810539297645454,17.26896443858308
control,3,hub lateral (I in-change vs out-to-E change),0.34157328515812085,0.011428614113776518,0.13126168681813596,2.515164013561415
control,3,hub disinhibition (I in-from-I vs out-to-E),-0.17469075439615803,-0.005105726162882924,0.13705326264222778,-1.2373658602784978
control,4,recip E↔E,0.26382727943767914,-0.000994012936978167,0.006788208672636933,39.011955163096864
control,4,recip E↔I (back inhibition),-0.23665915322437417,0.000253720267369877,0.010286486642257512,-23.031466596037912
control,4,recip I↔I,0.35546708174881536,0.0015146259230822343,0.02787026474922612,12.700003355208938
control,4,hub lateral (I in-change vs out-to-E change),0.43531689965288467,0.011422600202527802,0.1305635495957203,3.246651157715243
control,4,hub disinhibition (I in-from-I vs out-to-E),-0.1576543221456821,-0.017029569784114202,0.13324711287385305,-1.0553681001306148
control,5,recip E↔E,0.24445175049147183,-0.0002997466406059997,0.007342669611531054,33.33276724690376
control,5,recip E↔I (back inhibition),-0.2404874740017714,0.0010156115847275817,0.010484533601771562,-23.034223052677557
control,5,recip I↔I,0.4763817957853024,0.006075790272718797,0.028742796381786315,16.362569572757586
control,5,hub lateral (I in-change vs out-to-E change),0.36134582687961525,0.009318600618323267,0.1367812509949254,2.573651167105879
control,5,hub disinhibition (I in-from-I vs out-to-E),-0.1130819219000566,-0.0026827283390979274,0.14058795575847277,-0.7852677917205243
control,6,recip E↔E,0.21948910607188354,-0.00027691436588791676,0.006400852016892209,34.33386990634943
control,6,recip E↔I (back inhibition),-0.1973593699353544,0.0006398860130084041,0.009458256394644989,-20.934012326041902
control,6,recip I↔I,0.3584586437184356,0.00045051108643604177,0.026750261869788204,13.383350577077326
control,6,hub lateral (I in-change vs out-to-E change),0.2623704560527114,-0.016741911431485908,0.13560862503435656,2.058219876600651
control,6,hub disinhibition (I in-from-I vs out-to-E),-0.07908124376397736,0.014405687612021796,0.1409812982675545,-0.6631158353966887
control,7,recip E↔E,0.21237711168715398,-0.0003003834003351665,0.007599473872230197,27.985818316271843
control,7,recip E↔I (back inhibition),-0.08462044609827567,-0.0008597381934367406,0.009426802312347389,-8.885378639491327
control,7,recip I↔I,0.31918546754145727,0.0015794663758851443,0.02693951305764511,11.789596956929381
control,7,hub lateral (I in-change vs out-to-E change),0.44991907962631145,-0.002026506634577055,0.12748869155164613,3.5449856827325243
control,7,hub disinhibition (I in-from-I vs out-to-E),-0.2452803416045191,-0.0007191725471045446,0.13098809818862855,-1.86704878106739
control,8,recip E↔E,0.15879406333969656,-0.0004374498498833652,0.006834561300123596,23.297985956567597
control,8,recip E↔I (back inhibition),-0.1600916312086978,-0.0008699472074581871,0.009332830383366788,-17.060385484451597
control,8,recip I↔I,0.27047312350225,-4.166271212613037e-05,0.030758338052607224,8.794844043644485
control,8,hub lateral (I in-change vs out-to-E change),0.5064217193289123,-0.003726677104445358,0.15852163664200883,3.218162562789025
control,8,hub disinhibition (I in-from-I vs out-to-E),-0.4514899857560454,0.00015338145534964708,0.14079309301824086,-3.2078517314260653
control,9,recip E↔E,0.3088060349098866,-0.00019542768591667307,0.006786733651830432,45.530217988216364
control,9,recip E↔I (back inhibition),-0.17372327785332844,-0.00044884457139708606,0.009473254933018026,-18.290907877713888
control,9,recip I↔I,0.36597811468724434,-0.0005385172400761895,0.025515887126438857,14.364251970198838
control,9,hub lateral (I in-change vs out-to-E change),0.3977809578645306,0.0046067362460482045,0.1451565550707366,2.7086218836406233
control,9,hub disinhibition (I in-from-I vs out-to-E),-0.3065926260253771,-0.005248714369164456,0.13620367529360683,-2.212450662631695
rate_limited,0,recip E↔E,0.4487853694085705,0.0006713359904843597,0.007332259943374115,61.11540464724383
rate_limited,0,recip E↔I (back inhibition),-0.20108998584936588,-0.00019857306095020206,0.009501856239614677,-21.14233342648029
rate_limited,0,recip I↔I,0.5849056316516728,-0.003420717268979404,0.02848087113971258,20.656894448018257
rate_limited,0,hub lateral (I in-change vs out-to-E change),0.8034789504088098,0.005952857836939814,0.12985692283211117,6.141575475363543
rate_limited,0,hub disinhibition (I in-from-I vs out-to-E),0.45527919538569595,0.01766278439135263,0.14228040979538312,3.0757320113407745
rate_limited,1,recip E↔E,0.26475173895822657,5.6170655252098246e-05,0.006982829783028657,37.90663334602555
rate_limited,1,recip E↔I (back inhibition),-0.13946380422370414,-0.0006800477300901013,0.009270113957662425,-14.971094975472136
rate_limited,1,recip I↔I,0.4233385853928245,-0.0022612185731607317,0.02829329214659151,15.042427786801657
rate_limited,1,hub lateral (I in-change vs out-to-E change),0.8483373535860272,0.010764602794958833,0.15055039406924023,5.563404572729693
rate_limited,1,hub disinhibition (I in-from-I vs out-to-E),0.26641909036667216,0.0009952266328501459,0.1382368503665908,1.92006590883649
rate_limited,2,recip E↔E,0.3486421285050321,0.0001265123143521065,0.007490415547900903,46.52820847681104
rate_limited,2,recip E↔I (back inhibition),-0.16468893964143472,0.0006984535062333163,0.01124407675425577,-14.70884597840108
rate_limited,2,recip I↔I,0.4666062380263076,-0.0022081574210401273,0.026408836871218005,17.75217885337051
rate_limited,2,hub lateral (I in-change vs out-to-E change),0.7560865426689803,-0.0068398575197650795,0.13392015624918563,5.696875075094492
rate_limited,2,hub disinhibition (I in-from-I vs out-to-E),0.3695353770452913,-0.018785522725846562,0.13715428505975952,2.831270635124105
rate_limited,3,recip E↔E,0.3435979152019516,9.264983808727121e-05,0.006849571752269038,50.149889334332805
rate_limited,3,recip E↔I (back inhibition),-0.18490536650217967,-0.0009309754099859005,0.00858758354001997,-21.42330147180914
rate_limited,3,recip I↔I,0.4717396499933115,0.0024749142226484326,0.024703557180449892,18.995836605346607
rate_limited,3,hub lateral (I in-change vs out-to-E change),0.6140725658497403,0.0012280873658323038,0.14262174288562385,4.296991931835957
rate_limited,3,hub disinhibition (I in-from-I vs out-to-E),0.2500360877992653,0.007497844626013872,0.15039251198821452,1.6127015897723542
rate_limited,6,recip E↔E,0.35228421079515315,-0.000271133959753199,0.007378508267519966,47.78138506760877
rate_limited,6,recip E↔I (back inhibition),-0.24119971851348632,0.00010803936766980229,0.009594550101918554,-25.15050266222525
rate_limited,6,recip I↔I,0.4810470807314533,-0.0015298434359730174,0.02793543167076186,17.274725869817402
rate_limited,6,hub lateral (I in-change vs out-to-E change),0.5286812534442519,0.0017426240128746368,0.12531962570964295,4.204757446788568
rate_limited,6,hub disinhibition (I in-from-I vs out-to-E),0.5116535330472667,0.005164526402568394,0.1397499812257699,3.624250981661683
rate_limited,8,recip E↔E,0.347016797798855,0.0006632296002004326,0.0071110685168307075,48.70626226971287
rate_limited,8,recip E↔I (back inhibition),-0.1828387773431667,-0.00041160786966826506,0.009579326680268277,-19.04384050804596
rate_limited,8,recip I↔I,0.4632352812290979,0.000686612438052977,0.02767817227244065,16.711676776851622
rate_limited,8,hub lateral (I in-change vs out-to-E change),0.6854347852205447,0.005801669957002704,0.14095766233861098,4.821540766126748
rate_limited,8,hub disinhibition (I in-from-I vs out-to-E),0.4100642278120698,-0.014446696115844189,0.13890035743798468,3.0562262888160445
rate_limited,9,recip E↔E,0.33720727768444436,-0.0002799479088820237,0.006631789473429851,50.88931531157059
rate_limited,9,recip E↔I (back inhibition),-0.20768537897607403,-0.00029008680601064885,0.009187334998246303,-22.574042658687357
rate_limited,9,recip I↔I,0.5570145437312404,-0.002222962738716078,0.028190155023266973,19.83804296245924
rate_limited,9,hub lateral (I in-change vs out-to-E change),0.7464233509154526,0.007352700532223195,0.13611779914783878,5.429640025111765
rate_limited,9,hub disinhibition (I in-from-I vs out-to-E),0.5440769154512437,-0.0054522473496066625,0.13362966007172256,4.112329272602382
middle,0,recip E↔E,0.2392209260575832,-8.781962960169075e-05,0.006784692142797333,35.27186505304244
middle,0,recip E↔I (back inhibition),-0.06904807263832233,-0.0003175820910339261,0.009888613186063615,-6.9504681044813035
middle,0,recip I↔I,0.4320727955096043,0.0023307799978698855,0.026345291958519243,16.31190939877853
middle,0,hub lateral (I in-change vs out-to-E change),0.7831348975048666,-0.00596970700899053,0.140130496614931,5.631212502459494
middle,0,hub disinhibition (I in-from-I vs out-to-E),0.7142547826355421,-0.007408286990803274,0.13783776650020974,5.235597528528201
middle,1,recip E↔E,0.11762193262532596,-0.00031732259198809237,0.0063201889505547625,18.660716655783176
middle,1,recip E↔I (back inhibition),-0.0486615088976221,-0.0013639556725886714,0.009621188071966972,-4.915978449984071
middle,1,recip I↔I,0.39840104862023523,0.00028919121898394074,0.023928709438390542,16.637414501031632
middle,1,hub lateral (I in-change vs out-to-E change),0.7766165093463424,0.00650681569109683,0.1431297493086591,5.380500541466786
middle,1,hub disinhibition (I in-from-I vs out-to-E),0.5905896411198793,0.006259405204398168,0.13707480705328864,4.262856526862149
middle,2,recip E↔E,0.24661004016315818,0.00029943778328294426,0.007904776817894381,31.15971621390896
middle,2,recip E↔I (back inhibition),-0.05873596380500782,0.0009053837625640146,0.010591732637014328,-5.630934013491484
middle,2,recip I↔I,0.3665368592980852,-0.0009597470446712835,0.029108039373383434,12.625261414164418
middle,2,hub lateral (I in-change vs out-to-E change),0.7307750597604393,-0.0038560672827351776,0.13314105872074422,5.517690291047042
middle,2,hub disinhibition (I in-from-I vs out-to-E),0.5148965206059644,0.00475049287574275,0.13390890485539153,3.809649763629456
middle,3,recip E↔E,0.3043136478976751,0.000351560943285526,0.0069481608056697385,43.74712898215522
middle,3,recip E↔I (back inhibition),-0.10360752684923202,-0.0009559236956954592,0.009872742250015732,-10.397476258774303
middle,3,recip I↔I,0.3771845142682765,-0.0007685944447295813,0.026148729464458686,14.453976023069089
middle,3,hub lateral (I in-change vs out-to-E change),0.6747761137062306,-0.007661360329146212,0.1476014323937053,4.623515252989377
middle,3,hub disinhibition (I in-from-I vs out-to-E),0.6311213522066504,0.023010480735899713,0.12715564822324815,4.782413364784912
middle,4,recip E↔E,0.25949131341234344,0.00033276949704547044,0.0061964556324036815,41.82367457939293
middle,4,recip E↔I (back inhibition),-0.08162354729273708,0.001084736334863067,0.009890736257519475,-8.362196855135108
middle,4,recip I↔I,0.4504656765036393,0.0010995859130030234,0.026356244439603868,17.049701129475114
middle,4,hub lateral (I in-change vs out-to-E change),0.545036844365897,-0.016022220048339152,0.13482623282799178,4.161349409873541
middle,4,hub disinhibition (I in-from-I vs out-to-E),0.6685110947131494,-0.006114577176497272,0.13772489041009445,4.898356933745656
middle,5,recip E↔E,0.2582351987752023,0.00023639330828987212,0.006972892107552738,37.00025778219903
middle,5,recip E↔I (back inhibition),-0.10958432576870325,-4.228879131666287e-05,0.011192023096062256,-9.787509911047922
middle,5,recip I↔I,0.4288095485438187,0.001208217995703881,0.028343040084873327,15.086643114770371
middle,5,hub lateral (I in-change vs out-to-E change),0.7197232945699006,-0.001725416276359707,0.12880573267159318,5.60106057302346
middle,5,hub disinhibition (I in-from-I vs out-to-E),0.6692510338658921,-0.0018203744090369773,0.1258001668551253,5.334423833060191
middle,6,recip E↔E,0.20174509165625373,0.00018632231230516458,0.006333710307769827,31.823174655886614
middle,6,recip E↔I (back inhibition),-0.09209948291178457,0.0008760960900704894,0.010154130650662042,-9.156429260223584
middle,6,recip I↔I,0.27852076925228597,7.765772072221289e-05,0.028946681577616724,9.619172090070329
middle,6,hub lateral (I in-change vs out-to-E change),0.7967387996358131,0.013881115820414132,0.1375915286155969,5.68972299161343
middle,6,hub disinhibition (I in-from-I vs out-to-E),0.6611649443204703,-0.0008324423255796611,0.1508375494574598,4.388810273218811
middle,7,recip E↔E,0.3094042068884679,-1.4841758773396254e-05,0.006020451859377727,51.39465539704902
middle,7,recip E↔I (back inhibition),-0.07114733334929747,-0.0006093971395578766,0.008964141928676348,-7.868899976258551
middle,7,recip I↔I,0.521529710896973,0.00029903630188301265,0.028094143591065303,18.553001016228002
middle,7,hub lateral (I in-change vs out-to-E change),0.715497325260012,-0.0034849538876411336,0.1379214540495892,5.212983607968239
middle,7,hub disinhibition (I in-from-I vs out-to-E),0.7281858660888603,0.008819682406014615,0.12997273183220354,5.534746969937945
middle,8,recip E↔E,0.17052924459024013,0.00024479927051175907,0.006080193628519319,28.006418170797122
middle,8,recip E↔I (back inhibition),-0.0942772155778933,-0.00036509219759143634,0.008909360704084386,-10.540837496594902
middle,8,recip I↔I,0.3441295298457976,-0.0007599381515350169,0.0277546084527371,12.426385642753333
middle,8,hub lateral (I in-change vs out-to-E change),0.7285839285173378,0.006804282787841613,0.14034202810294355,5.143004241039306
middle,8,hub disinhibition (I in-from-I vs out-to-E),0.6588877250259005,0.00018230223873242079,0.1366339102085688,4.820951268844375
middle,9,recip E↔E,0.16375361628705062,0.00036968285682946597,0.005752796032996752,28.40078676405133
middle,9,recip E↔I (back inhibition),-0.08116992389091005,-0.0010948568161040593,0.00911861194152808,-8.781497402047263
middle,9,recip I↔I,0.3806166615999924,0.0023801076998630905,0.028209106315151552,13.4083139562976
middle,9,hub lateral (I in-change vs out-to-E change),0.6885496980985422,0.010308625339705644,0.13817808681753926,4.908456097343691
middle,9,hub disinhibition (I in-from-I vs out-to-E),0.672222657541481,0.009755336373808522,0.1440440518630216,4.599060583200231
wiring_limited,0,recip E↔E,0.08852067975471033,0.0008214944682902614,0.00876785302863068,10.00235576486579
wiring_limited,0,recip E↔I (back inhibition),-0.01802089793448913,-0.0011865226407232377,0.008236846016000773,-2.043789001404626
wiring_limited,0,recip I↔I,0.20795135090055206,0.0001531185206437792,0.028388325331665725,7.31984821056422
wiring_limited,0,hub lateral (I in-change vs out-to-E change),0.761991089427447,0.0015228491699925677,0.13333695454438402,5.703356903988058
wiring_limited,0,hub disinhibition (I in-from-I vs out-to-E),0.5708386590400514,-0.008033847429405229,0.13903808253671945,4.163409735721712
wiring_limited,1,recip E↔E,0.0794516343118571,-0.00035394482241846604,0.006938345682858702,11.502104792996487
wiring_limited,1,recip E↔I (back inhibition),-0.011721315166533495,0.001933925797571382,0.011856295234498356,-1.1517291610934346
wiring_limited,1,recip I↔I,0.19642182017780588,-0.0008596493024667684,0.029251632670225156,6.744289171970999
wiring_limited,1,hub lateral (I in-change vs out-to-E change),0.6601686222102366,-0.004976700772958836,0.1370361843450952,4.853793369699894
wiring_limited,1,hub disinhibition (I in-from-I vs out-to-E),0.3990487273578928,0.005406519942279175,0.14243094469701545,2.763740760499654
wiring_limited,2,recip E↔E,0.044033685463858205,-0.00048051671070242584,0.005468328581864435,8.140367117329195
wiring_limited,2,recip E↔I (back inhibition),-0.01930045463096647,-2.5330117813756048e-05,0.01017814017946952,-1.8937766795581044
wiring_limited,2,recip I↔I,0.18061083729094038,0.00040634646618651184,0.02764474749046291,6.518579736961684
wiring_limited,2,hub lateral (I in-change vs out-to-E change),0.30396817956869,-0.0036947269731411525,0.13188597344677,2.332794750656375
wiring_limited,2,hub disinhibition (I in-from-I vs out-to-E),0.4151119695133259,0.032287840768328364,0.15080532860068016,2.53853184298735
wiring_limited,3,recip E↔E,0.13480293893945217,0.00036376355328670824,0.006495209921556597,20.69820329285781
wiring_limited,3,recip E↔I (back inhibition),-0.02970124418613487,0.001140104601612911,0.010117268871089213,-3.0483867910122506
wiring_limited,3,recip I↔I,0.11952902063030668,-0.00235216508199033,0.02538365802488951,4.801561130109321
wiring_limited,3,hub lateral (I in-change vs out-to-E change),0.5215700473049039,-0.0008907647665856966,0.1532589745317389,3.4090063154069417
wiring_limited,3,hub disinhibition (I in-from-I vs out-to-E),0.7356420874467285,-0.008302397190511275,0.14345678126943703,5.185843973732977
wiring_limited,4,recip E↔E,0.14588533916222915,3.512452176304923e-05,0.006522967068960651,22.359489646129
wiring_limited,4,recip E↔I (back inhibition),-0.020777403374903133,-0.001790832619846218,0.007696063882910131,-2.4670495260854666
wiring_limited,4,recip I↔I,0.21873333531035247,0.0019070091084388118,0.0285995098911055,7.581469998174586
wiring_limited,4,hub lateral (I in-change vs out-to-E change),0.46148263169022813,0.006594197543536766,0.130250648828735,3.492408200935864
wiring_limited,4,hub disinhibition (I in-from-I vs out-to-E),0.5415675381540159,-0.0017654042708427065,0.1439003820029203,3.7757574709831716
wiring_limited,5,recip E↔E,0.13591255154865825,0.0011046934741335444,0.008227843374510218,16.384349086196533
wiring_limited,5,recip E↔I (back inhibition),-0.01844857706528131,0.0012178942583902764,0.01039624053528986,-1.8916906796177027
wiring_limited,5,recip I↔I,0.3166237146046158,-0.0006336649857537606,0.02668166413003778,11.890464479432765
wiring_limited,5,hub lateral (I in-change vs out-to-E change),0.6743994220370529,0.0020951356721228866,0.14222588842393571,4.727017660532929
wiring_limited,5,hub disinhibition (I in-from-I vs out-to-E),0.5491017159646133,0.01538553089544237,0.13963389534820703,3.8222537854310756
wiring_limited,6,recip E↔E,0.07096561822855049,0.0005281512110469912,0.005252271585510034,13.410857734742121
wiring_limited,6,recip E↔I (back inhibition),-0.022176493506951302,0.000559495655595141,0.010327338065963757,-2.201534317684283
wiring_limited,6,recip I↔I,0.2090305706172152,0.0009912666423689423,0.028700924452550125,7.248522754686447
wiring_limited,6,hub lateral (I in-change vs out-to-E change),0.5958279753023611,0.008380102190998062,0.14169133191299374,4.145969024217291
wiring_limited,6,hub disinhibition (I in-from-I vs out-to-E),0.7473135440878875,0.014967519434645422,0.13816145144416475,5.300653814781364
wiring_limited,7,recip E↔E,0.057909421274257945,-3.3029718934175706e-05,0.006521864541851849,8.884338308679387
wiring_limited,7,recip E↔I (back inhibition),-0.014602761975407125,0.00037848956609711377,0.010340317746324686,-1.4488192634920822
wiring_limited,7,recip I↔I,0.31278746311025496,0.0012366099037093283,0.02637134321668125,11.81399258455191
wiring_limited,7,hub lateral (I in-change vs out-to-E change),0.7274589326990865,0.004663595049589967,0.1488079327525589,4.857236602106262
wiring_limited,7,hub disinhibition (I in-from-I vs out-to-E),0.6365330861169881,0.010730235924817205,0.14464957359424832,4.326337331263689
wiring_limited,8,recip E↔E,0.02927294460872208,0.00026844623240083017,0.007944969409214294,3.6506746448492122
wiring_limited,8,recip E↔I (back inhibition),-0.019330741072726566,-0.0007767517195374904,0.008428941516995114,-2.20122411761655
wiring_limited,8,recip I↔I,0.1256283652605205,-0.0004557900555415774,0.026422528465163745,4.771842917391318
wiring_limited,8,hub lateral (I in-change vs out-to-E change),0.5964426757669895,-0.021242359020017542,0.12925700220227299,4.778735575349319
wiring_limited,8,hub disinhibition (I in-from-I vs out-to-E),0.681437323047887,-0.01981147492233593,0.13800811651849107,5.081214175372546
wiring_limited,9,recip E↔E,0.1693511840619877,-0.0005343460321909959,0.006186240867522,27.461835665999395
wiring_limited,9,recip E↔I (back inhibition),-0.02123416866261912,0.00014836803669911468,0.009494123242894175,-2.252186552910178
wiring_limited,9,recip I↔I,0.08090273141381073,0.00030885666113238943,0.029608501364809536,2.721984262549209
wiring_limited,9,hub lateral (I in-change vs out-to-E change),0.7189147522543023,-0.0008669942454347137,0.14636751481517996,4.91763317433253
wiring_limited,9,hub disinhibition (I in-from-I vs out-to-E),0.5825147079135962,-0.009204154962083579,0.13452991435569406,4.398418490858386
knee,0,recip E↔E,0.1875917412034162,-0.000502286555323381,0.006534176521502476,28.786187079544806
knee,0,recip E↔I (back inhibition),-0.04605064411928116,-0.0007531804766652297,0.008845756638344719,-5.120812780023792
knee,0,recip I↔I,0.42058085245954696,0.006625786151117632,0.030946486484054462,13.376480283851432
knee,0,hub lateral (I in-change vs out-to-E change),0.837383319580355,0.007908493158455291,0.1453142999615724,5.708143153435345
knee,0,hub disinhibition (I in-from-I vs out-to-E),0.692668307979109,0.015545781001901396,0.13670967869950554,4.952996257606278
knee,1,recip E↔E,0.13852957901148905,0.0001738918744337084,0.006741914151666842,20.521721876694155
knee,1,recip E↔I (back inhibition),-0.02885334024037583,0.0007176736403416626,0.010640165329011209,-2.7791874436471304
knee,1,recip I↔I,0.38747006484975555,-0.0011967983577340778,0.026789391460213415,14.508237851715402
knee,1,hub lateral (I in-change vs out-to-E change),0.6119284913270394,-0.010859679170364211,0.13794769338506663,4.514668967743848
knee,1,hub disinhibition (I in-from-I vs out-to-E),0.6454782501390711,-0.0076808304899286806,0.13475087465825009,4.847160230206419
knee,2,recip E↔E,0.13913046523655329,-0.0003503563731441404,0.0062277383021545445,22.39670564857273
knee,2,recip E↔I (back inhibition),-0.03846972466621457,2.7459449837811487e-05,0.01013924131607612,-3.796850564648635
knee,2,recip I↔I,0.20186274431621942,-0.0007587890025500091,0.027038717621279844,7.493755294049281
knee,2,hub lateral (I in-change vs out-to-E change),0.589915335465742,-0.010303859027401184,0.13640868159494518,4.40015391597616
knee,2,hub disinhibition (I in-from-I vs out-to-E),0.42121245722623096,0.0028173097421496946,0.14395067410732412,2.9065174586965936
knee,3,recip E↔E,0.17801798717412254,0.000693865994173837,0.008053311392391772,22.018783645628382
knee,3,recip E↔I (back inhibition),-0.04953386211527854,-0.000375220049333139,0.00939094529171021,-5.234685171613112
knee,3,recip I↔I,0.2417265372871745,-0.0016244031734699118,0.026874378640431337,9.05512807259973
knee,3,hub lateral (I in-change vs out-to-E change),0.5959308915873961,0.00891725373360545,0.14700787736782003,3.9930760743185028
knee,3,hub disinhibition (I in-from-I vs out-to-E),0.6837085247273773,0.0033754809346210057,0.14375057868498292,4.732732556740852
knee,4,recip E↔E,0.14241659239047616,0.00012257464957400097,0.006611369855262008,21.522622520906157
knee,4,recip E↔I (back inhibition),-0.05005550791669922,-0.0005527040843741212,0.00937782478370851,-5.278708546391604
knee,4,recip I↔I,0.3335497439592595,0.0016548943400721329,0.027642714150967303,12.006594135676556
knee,4,hub lateral (I in-change vs out-to-E change),0.4893271130601705,-0.004896758316174757,0.12732014681533432,3.881741293411872
knee,4,hub disinhibition (I in-from-I vs out-to-E),0.6858014675550964,-0.007165347812066561,0.14502265114199614,4.778335038770308
knee,5,recip E↔E,0.16255114294155465,0.00046463268012762683,0.007167080118452576,22.615417657201057
knee,5,recip E↔I (back inhibition),-0.05182198181303779,0.0014085049915678097,0.01011476952153214,-5.262649503905107
knee,5,recip I↔I,0.3980213327358257,-0.000982815835278132,0.027190359052990047,14.674471484304524
knee,5,hub lateral (I in-change vs out-to-E change),0.7658155712513742,-0.0018189782704753229,0.13393140114731178,5.731550203656308
knee,5,hub disinhibition (I in-from-I vs out-to-E),0.6138012317532856,0.005071473777902867,0.13871131129798522,4.3884651675427175
knee,6,recip E↔E,0.13560640064073984,0.00017130649949312682,0.006487404056613856,20.876623832790518
knee,6,recip E↔I (back inhibition),-0.039989171012410354,0.0013728132712841597,0.009785586610807152,-4.226827264296507
knee,6,recip I↔I,0.3185358827851268,3.858918677570849e-05,0.026615048630934775,11.966812385537423
knee,6,hub lateral (I in-change vs out-to-E change),0.7883172130324886,0.01433365124495531,0.14851832162185816,5.211367549373264
knee,6,hub disinhibition (I in-from-I vs out-to-E),0.7415459043820596,0.01685599362996462,0.14380829711990942,5.0392774635794355
knee,7,recip E↔E,0.22963660565772245,-0.001072184589819598,0.004999206614709585,46.1490808498909
knee,7,recip E↔I (back inhibition),-0.03435182263075272,0.0012123474872228878,0.010895424705738274,-3.2641380284373027
knee,7,recip I↔I,0.3963311132709987,-0.0005118899233032269,0.02471024700755313,16.05985577857638
knee,7,hub lateral (I in-change vs out-to-E change),0.6807842232018139,0.016254858610569304,0.14060801186606492,4.726113083970186
knee,7,hub disinhibition (I in-from-I vs out-to-E),0.7202032977486786,0.02017061340818026,0.13581279250791228,5.154394305674227
knee,8,recip E↔E,0.0935278764149768,-0.00046475952899933324,0.008043956757956954,11.684875835638987
knee,8,recip E↔I (back inhibition),-0.0371690104114475,-5.957407624168492e-06,0.008341037830289898,-4.455447123002882
knee,8,recip I↔I,0.2928962674749549,0.001629568356765757,0.02686313236454912,10.84261861816865
knee,8,hub lateral (I in-change vs out-to-E change),0.7824907413765534,-0.010243131881623974,0.13287854286212647,5.965853148169382
knee,8,hub disinhibition (I in-from-I vs out-to-E),0.587361888558797,-0.0011041092193320864,0.14132053438147654,4.164051603354691
knee,9,recip E↔E,0.10488352622768453,-0.0006830811378574497,0.005904331641947,17.879518592002828
knee,9,recip E↔I (back inhibition),-0.050702615180356,0.0007429671489575158,0.01027079109736312,-5.008921108571806
knee,9,recip I↔I,0.31798889946201236,-0.002776969256628381,0.022200973001403675,14.448279753250459
knee,9,hub lateral (I in-change vs out-to-E change),0.7140360455227649,-0.011467006114346274,0.14086678402786404,5.150277665837843
knee,9,hub disinhibition (I in-from-I vs out-to-E),0.808701056151394,-0.01534170875410994,0.14016756979867767,5.878983035013552
