point,seed,I/E
control,0,1.016823410987854
control,1,1.0184736251831055
control,2,1.0218682289123535
control,3,1.0367268323898315
control,4,1.048248052597046
control,5,1.0347568988800049
control,6,1.0275217294692993
control,7,1.033237338066101
control,8,1.0216939449310303
control,9,1.0213651657104492
rate_limited,0,1.1303949356079102
rate_limited,1,1.1191269159317017
rate_limited,2,1.0743046998977661
rate_limited,3,1.157547950744629
rate_limited,6,1.1332951784133911
rate_limited,8,1.1445033550262451
rate_limited,9,1.136533260345459
middle,0,1.1471960544586182
middle,1,1.1450049877166748
middle,2,1.040926456451416
middle,3,1.231705665588379
middle,4,1.2228388786315918
middle,5,1.2079834938049316
middle,6,1.2206594944000244
middle,7,1.1258957386016846
middle,8,1.2125582695007324
middle,9,1.2070225477218628
wiring_limited,0,1.509503960609436
wiring_limited,1,1.5528664588928223
wiring_limited,2,1.4386701583862305
wiring_limited,3,1.5787596702575684
wiring_limited,4,1.4736127853393555
wiring_limited,5,1.493079423904419
wiring_limited,6,1.6098467111587524
wiring_limited,7,1.4032247066497803
wiring_limited,8,1.4389667510986328
wiring_limited,9,1.4065630435943604
knee,0,1.307541847229004
knee,1,1.2519268989562988
knee,2,1.201453685760498
knee,3,1.3068368434906006
knee,4,1.3118531703948975
knee,5,1.3412971496582031
knee,6,1.2568764686584473
knee,7,1.1827284097671509
knee,8,1.2687709331512451
knee,9,1.2842562198638916
