point,seed,"corr(W, W0)",|ΔW| / |W|
control,0,0.9851527960945511,0.07328497619132997
control,1,0.9915012430200149,0.059255885852772625
control,2,0.9904202441303548,0.055827299341710844
control,3,0.9895501506585709,0.060449003867871345
control,4,0.9892323086073038,0.06173210041126815
control,5,0.9854459386471836,0.07428928818999912
control,6,0.9909062080912722,0.05862315408184233
control,7,0.9881784752508072,0.06410510168615416
control,8,0.9898048414752736,0.05978686122281337
control,9,0.9868561604936748,0.07169912623362798
rate_limited,0,0.91797788059947,0.17455548917732153
rate_limited,1,0.8988702474397102,0.17197258404620613
rate_limited,2,0.9128430158130264,0.18847836154810482
rate_limited,3,0.9140598678059491,0.18160792418747088
rate_limited,6,0.9187291741118864,0.17361737319565976
rate_limited,8,0.9151785292051471,0.17476220600058154
rate_limited,9,0.9064461943234357,0.18256838479143633
middle,0,0.7202653161006901,0.24857895392621374
middle,1,0.6922367479422242,0.23199945621607584
middle,2,0.6928712841306136,0.2718681365562915
middle,3,0.7176703247543906,0.2522593154501592
middle,4,0.7130579598083362,0.2673092535856341
middle,5,0.7164460953378727,0.2604494833859565
middle,6,0.7061834323279069,0.25459770278629157
middle,7,0.7057259757242232,0.25887518034415935
middle,8,0.6926053862159085,0.24507974672636548
middle,9,0.6981962518705968,0.2570916753813102
wiring_limited,0,0.43361016004989394,0.30477354834674036
wiring_limited,1,0.4169138977852659,0.27482124126420643
wiring_limited,2,0.42213165681336134,0.34115398239830186
wiring_limited,3,0.4336144880373523,0.311676927678742
wiring_limited,4,0.43275704952669475,0.31207702529766684
wiring_limited,5,0.44661630355828696,0.3083618492115956
wiring_limited,6,0.43292141012509283,0.3035967461615102
wiring_limited,7,0.4373299557542581,0.295236420313436
wiring_limited,8,0.41444938403771814,0.31838409806703244
wiring_limited,9,0.4173968157889402,0.3147871716890141
knee,0,0.5668841627690924,0.2634616486507982
knee,1,0.5299099937352238,0.2681977091842126
knee,2,0.5369298996814996,0.3292471796638322
knee,3,0.5575652186260548,0.29074287964180046
knee,4,0.5644219186019198,0.29959852756614197
knee,5,0.5757840951613951,0.2827358872036017
knee,6,0.5523794262080284,0.2794518348019806
knee,7,0.5541688539329132,0.31214611779154855
knee,8,0.5368915676039796,0.27797974095417904
knee,9,0.5464421644285328,0.26357618394349525
