lambda_rate,lambda_connectivity,n_seeds,mean_acc,mean_acc_std,min_task_acc,min_task_acc_std,task_loss,task_loss_std,metabolic_cost,metabolic_cost_std,wiring_cost,wiring_cost_std,conn_frac,conn_frac_std,wiring_cost_w_in_l2,wiring_cost_w_in_l2_std,acc_contextdm1,acc_contextdm1_std,acc_dm1,acc_dm1_std,acc_dmsgo,acc_dmsgo_std,acc_fdanti,acc_fdanti_std,acc_fdgo,acc_fdgo_std,train_time_s,is_pareto,run_idx
0.0,0.0,3,0.9676041666666667,0.005080728499273765,0.8479166666666668,0.014850601488940933,0.003621376941446215,0.0005834999052997765,1.1294995669523875,0.6021618860357126,0.029076072697838146,0.005177502926088724,0.7730034589767456,0.04262180528802894,0.03382352739572525,0.0018225351938216745,0.990625,0.010937499999999989,0.9994791666666667,0.0009021097956088031,0.8479166666666668,0.014850601488940933,1.0,0.0,1.0,0.0,1289.207844415214,False,1
0.020000000000000004,1.0,3,0.9698958333333335,0.0007864410870073751,0.8494791666666667,0.003932205435036846,0.00328250977753972,0.0002819059384008903,0.04707024072607358,0.001522824025751805,0.02068171588083108,0.003653911060520177,0.6554993987083435,0.05804346037501484,0.022158669928709667,0.0004611217974955814,1.0,0.0,1.0,0.0,0.8494791666666667,0.003932205435036846,1.0,0.0,1.0,0.0,1316.4925314076245,False,2
0.020000000000000004,2.091279105182547,3,0.9646875,0.004506939094329998,0.8244791666666668,0.023193170914804488,0.0035916859586723146,0.0004858960242478331,0.05028372352321942,0.0019018635174059661,0.015609555256863436,0.0030870111264440017,0.530836413304011,0.07957847821284361,0.022280093903342884,0.0003904183911301579,0.9989583333333334,0.000902109795608803,1.0,0.0,0.8244791666666668,0.023193170914804488,1.0,0.0,1.0,0.0,1312.1454021199606,True,3
0.020000000000000004,4.373448295773113,3,0.9528125000000002,0.01831793861219104,0.7651041666666667,0.09213893494789994,0.004183250715335211,0.000500326133291275,0.05581500617166361,0.0017955074265101646,0.010503449166814486,0.0026630710803283056,0.34749285380045575,0.10274187732464342,0.022564363355437916,0.00032437998185027905,0.9989583333333334,0.0018042195912176063,1.0,0.0,0.7651041666666667,0.09213893494789994,1.0,0.0,1.0,0.0,1313.7713290071115,True,4
0.020000000000000004,9.14610103854653,3,0.9353124999999999,0.019978015260530738,0.6765625000000001,0.0998900763026538,0.0049905095629704495,0.000624369031078239,0.06479368651906649,0.0028115233177828454,0.006834540205697219,0.0019058322876915111,0.19212111830711365,0.08785133437511458,0.023642577851812046,0.0011415645317566054,1.0,0.0,1.0,0.0,0.6765625000000001,0.0998900763026538,1.0,0.0,1.0,0.0,1312.943839570973,True,5
0.020000000000000004,19.127049995800746,3,0.9023958333333333,0.02409764749064383,0.5588541666666667,0.04297111735902772,0.006699906988069414,0.0019379817206167534,0.07012816006938616,0.010340425770872467,0.0045352785382419825,0.0012748864892159239,0.08854677279790242,0.05323647368708698,0.025150698920090992,0.0017854377127235867,1.0,0.0,1.0,0.0,0.5588541666666667,0.04297111735902772,0.953125,0.08118988160479113,1.0,0.0,1311.0512073677965,True,6
0.020000000000000004,40.000000000000014,3,0.7779166666666667,0.17374166271963482,0.4401041666666667,0.07031828679890695,0.01213792624262472,0.0059853076471709605,0.0816765787328283,0.009141552617815548,0.0032890154204020896,0.0008577988900695642,0.0322712417691946,0.025401029963230085,0.027765583867828052,0.003204281766098999,0.8614583333333332,0.23726002130222723,0.8510416666666667,0.2566514259206119,0.4838541666666667,0.017211157960269074,0.7291666666666666,0.31993626277679643,0.9640624999999999,0.062245575897006515,1312.5102273058146,True,7
0.047428812195586235,1.0,3,0.9713541666666666,0.0012629537138523115,0.8567708333333334,0.006314768569261493,0.0032210826563338437,0.00043197504821835273,0.025718726590275767,0.0007425822339001969,0.019466787887116272,0.0037105522355962636,0.6263735691706339,0.06649087575111616,0.018968418861428898,0.000619093331233665,1.0,0.0,1.0,0.0,0.8567708333333334,0.006314768569261493,1.0,0.0,1.0,0.0,1331.2281493153423,True,8
0.047428812195586235,2.091279105182547,3,0.9631250000000001,0.005528689379048133,0.8161458333333332,0.02680647756762035,0.003729572417990615,0.0004576211238925357,0.02630922065426906,0.00026655358284061816,0.014301764778792858,0.0032045610491027035,0.48545750975608826,0.0939291644648791,0.018797508751352627,0.0004869356701415944,0.9994791666666667,0.0009021097956088031,1.0,0.0,0.8161458333333332,0.02680647756762035,1.0,0.0,1.0,0.0,1371.7151414821856,True,9
0.047428812195586235,4.373448295773113,3,0.950625,0.016077813711758204,0.7531249999999999,0.08038906855879101,0.004682147993395726,0.0007246334125219646,0.028486993623276554,0.00025903919164782963,0.009214666516830524,0.0022009788015703736,0.29405126472314197,0.09314945750599925,0.01927703060209751,0.00012443519346914738,1.0,0.0,1.0,0.0,0.7531249999999999,0.08038906855879101,1.0,0.0,1.0,0.0,1377.849882928189,True,10
0.047428812195586235,9.14610103854653,3,0.9239583333333333,0.023902334919068745,0.6546875,0.06724198372296876,0.005610774113641431,0.0009952902796893542,0.030501214315493904,0.0021295857625858177,0.0061553640601535635,0.0016649647963780853,0.16129493216673532,0.07651822527469221,0.02001868685086568,0.0005438848648042938,1.0,0.0,1.0,0.0,0.6546875,0.06724198372296876,0.9651041666666668,0.05643055512825772,1.0,0.0,1381.15414321376,True,11
0.047428812195586235,19.127049995800746,3,0.8597916666666667,0.07665130903698465,0.5229166666666667,0.02427329207860635,0.008040895325442153,0.002917211530716889,0.03246426029130817,0.0016541076744086087,0.0041064856729159755,0.0011103106553871634,0.06773386585215728,0.043075116015639146,0.02070823187629382,0.0005378446089355824,0.975,0.043301270189221905,0.9734375000000001,0.046007599576048316,0.525,0.021875000000000016,0.8255208333333334,0.27951868741567765,1.0,0.0,1373.6053082570434,True,12
0.047428812195586235,40.000000000000014,3,0.6229166666666667,0.24086682923782454,0.37864583333333335,0.16478511496668422,0.015692854009879135,0.007453797023798561,0.03975808253511787,0.0026625598117212272,0.0031565066116551557,0.000837608252272805,0.027093546542649467,0.024456765709108638,0.021378593519330025,0.001182283409992045,0.7281249999999999,0.2949940412533785,0.7036458333333333,0.3155566654573839,0.48645833333333327,0.026577814212860557,0.471875,0.26985148548553517,0.7244791666666667,0.3553179052652474,1373.097725268919,True,13
0.11247461131420951,1.0,3,0.9683333333333333,0.009428665843232235,0.8421875,0.047675457194976116,0.0033705977730763455,0.0005127357454093168,0.013668559733778238,0.00026156356611936767,0.017243971737722557,0.0034749585846038005,0.5678717295328776,0.07624616673997395,0.016535549735029537,0.000519046687814385,0.9994791666666667,0.0009021097956088031,1.0,0.0,0.8421875,0.047675457194976116,1.0,0.0,1.0,0.0,1376.3469130191952,True,14
0.11247461131420951,2.091279105182547,3,0.9565625,0.011057378758096318,0.7838541666666666,0.05558050654980875,0.004114152930754547,0.0003761129809891896,0.013803650078674158,0.00036946041903297217,0.011998017318546772,0.00275976639023704,0.40213950475056964,0.09085065998263932,0.016087392965952556,0.00020150330332744146,0.9989583333333334,0.0018042195912176063,1.0,0.0,0.7838541666666666,0.05558050654980875,1.0,0.0,1.0,0.0,1371.434888273012,True,15
0.11247461131420951,4.373448295773113,3,0.9317708333333332,0.018885792995882795,0.6953125,0.03307189138830737,0.00503359815881898,0.0007953087124141584,0.014050408670057852,0.0003162968521177059,0.007626357488334179,0.0019777251774680997,0.2218086173137029,0.0863561171393732,0.01646103337407112,0.0004204441808980175,0.9994791666666667,0.0009021097956088031,1.0,0.0,0.6953125,0.03307189138830737,0.9640624999999999,0.062245575897006515,1.0,0.0,1373.2544368002564,True,16
0.11247461131420951,9.14610103854653,3,0.8798958333333333,0.07552571823282012,0.5510416666666667,0.11635467957213122,0.006596041823892544,0.002135626594215605,0.014896541616568962,9.521784034273005e-05,0.005066779985403021,0.001475790194669065,0.1091911755502224,0.06421131561638184,0.01701538885633151,0.00033604111782015725,0.9973958333333334,0.004510548978043951,0.9984375,0.002706329386826345,0.5973958333333333,0.03984630302278155,0.80625,0.33558484396647,1.0,0.0,1372.2910277307965,True,17
0.11247461131420951,19.127049995800746,3,0.7336458333333334,0.15780239241558838,0.4609375,0.10379752300151486,0.013026018020852159,0.005957956196202428,0.017070026698832712,0.0014816886403286682,0.003597722388803959,0.0010038703487344916,0.04484272903452317,0.037082906199913654,0.017507105444868405,0.00023469843987941347,0.8348958333333334,0.16730671372761263,0.7911458333333333,0.22175576314852183,0.5145833333333334,0.017211157960269084,0.6380208333333334,0.2601754090793043,0.8895833333333334,0.1317450979480198,1370.859385421034,True,18
0.11247461131420951,40.000000000000014,3,0.4716666666666667,0.16494031038403967,0.2869791666666667,0.16508116296108208,0.02247153490160902,0.005961084870309233,0.01628206241565446,0.004464382344521682,0.002921340831865867,0.0007046888835397151,0.017238561646081507,0.017399332665683435,0.016557765503724415,3.900854592199683e-05,0.5395833333333334,0.17165705879262097,0.48281250000000003,0.20552072774114535,0.4932291666666666,0.018109727761160092,0.3,0.18752603985846875,0.5427083333333333,0.2904919610369336,1374.4068352570757,True,19
0.2667268608396602,1.0,3,0.9552083333333333,0.008174926732597312,0.7770833333333332,0.04015148723376675,0.00406596497981809,0.000450644669032776,0.007349486726646623,0.0003143564599386601,0.014597780381639799,0.002751957802770362,0.48817911744117737,0.07654560323271409,0.01443159052481254,0.0004200048142727032,0.9989583333333334,0.000902109795608803,1.0,0.0,0.7770833333333332,0.04015148723376675,1.0,0.0,1.0,0.0,1368.8976743617095,True,20
0.2667268608396602,2.091279105182547,3,0.9444791666666666,0.00989364010783363,0.7270833333333333,0.05625723333122005,0.004796868369060879,0.000519163646210595,0.007654264938707154,0.0004122336301936702,0.009664968432237705,0.002059984448082064,0.3066636025905609,0.08208982229329856,0.01459764689207077,0.0004869468234025099,1.0,0.0,1.0,0.0,0.7270833333333333,0.05625723333122005,0.9953124999999999,0.0081189881604791,1.0,0.0,1359.6221237168647,True,21
0.2667268608396602,4.373448295773113,3,0.9103125000000002,0.016562500000000036,0.6416666666666667,0.022768221869160856,0.00637105404632166,0.001065678818744613,0.008157568061724305,0.0005141159052607986,0.006249767107268174,0.0015544675527939037,0.16034007320801416,0.06944435924950322,0.014374407629172007,0.0006962340755070376,0.9854166666666666,0.020090939085401983,0.9895833333333334,0.016707307221193148,0.6416666666666667,0.022768221869160856,0.9348958333333334,0.07484249955462025,1.0,0.0,1306.9829611987807,True,22
0.2667268608396602,9.14610103854653,3,0.7017708333333332,0.23590590296150565,0.43385416666666665,0.2161696773996837,0.0147871792751054,0.009717348850490545,0.008039149803419908,0.001406748362443104,0.004224318933362762,0.0011562918573800353,0.07250816995898883,0.04502411221925992,0.014313037507236004,0.001142516330645354,0.7781250000000001,0.2232844755715229,0.7416666666666667,0.27716360052924216,0.5442708333333334,0.02578519540518035,0.634375,0.3929058411375428,0.8104166666666667,0.2673032156832075,1308.3371926010586,True,23
0.2667268608396602,19.127049995800746,3,0.4205208333333334,0.15760795324818905,0.20833333333333334,0.13741415407294597,0.023393019499878088,0.0059804295713465705,0.0061040167122458425,0.0018619003238601487,0.0031520052968213954,0.0007202507129100781,0.025592320133000612,0.01993158486979534,0.01450775470584631,0.0013701391190236837,0.47604166666666664,0.18940653959033024,0.4401041666666667,0.22271152457177273,0.4937500000000001,0.019200321449132043,0.20833333333333334,0.13741415407294597,0.484375,0.2709890377741321,1311.535304730758,True,24
0.2667268608396602,40.000000000000014,3,0.350625,0.06037318837861723,0.1875,0.04466126852486391,0.02680143879105647,0.0030305850492196437,0.004879556420880059,0.0013703164000552993,0.002765352682520946,0.0005660479266759195,0.01044219743926078,0.009762297102342367,0.014886395384867987,0.001386072403442458,0.35312499999999997,0.10983163606743732,0.35781250000000003,0.07699178121721825,0.4848958333333333,0.022875199224997672,0.1875,0.04466126852486391,0.3697916666666667,0.09490606649910917,1309.4898715671152,True,25
0.6325269095141253,1.0,3,0.9336458333333333,0.0020332522183273407,0.6765624999999998,0.007160274523368541,0.005446813624196997,0.0006069462251540995,0.004274850607228775,0.0004439391620504646,0.011860283402105173,0.002385454632194743,0.391544113556544,0.07875271340536837,0.012842421419918537,0.00010518918708212496,1.0,0.0,0.9994791666666667,0.0009021097956088031,0.6765624999999998,0.007160274523368541,0.9921875,0.013531646934131853,1.0,0.0,1411.319857567083,True,26
0.6325269095141253,2.091279105182547,3,0.8363541666666666,0.13292434016512306,0.5619791666666667,0.07690188384937867,0.008850000439366946,0.0045088878626101106,0.004397350043679277,0.000350119043472587,0.007591721291343371,0.0016808940199772038,0.22048099835713705,0.06618243517853951,0.012875707199176153,0.0005911111496412021,0.9072916666666666,0.15252860046015415,0.9078125,0.155631588715948,0.5619791666666667,0.07690188384937867,0.8713541666666668,0.22282111951537123,0.9333333333333332,0.11547005383792514,1539.4500759160146,True,27
0.6325269095141253,4.373448295773113,3,0.6647916666666667,0.2741225941336892,0.46875,0.23316877102487374,0.017444509603083132,0.010905970011921855,0.0036279452289454638,0.0013962174275581624,0.0048804575732598705,0.001183239015471038,0.10153696810205777,0.04690167704748136,0.013232725982864698,0.001962855458727394,0.7062499999999999,0.3011493283551368,0.6723958333333333,0.3379349531375577,0.5708333333333334,0.057671562442709455,0.6401041666666667,0.3892235275867626,0.734375,0.2938330999479126,1653.708824145142,True,28
0.6325269095141253,9.14610103854653,3,0.3617708333333334,0.06473905956478926,0.20260416666666667,0.049812473860302624,0.026567381769418714,0.003750786361114161,0.002444948450041314,0.0006532432762496723,0.003475028866281112,0.0006760842519970341,0.03954248409718275,0.022736044326464245,0.014168179593980312,0.001267952892963444,0.3796875,0.07584163187194749,0.3671875,0.11100350149319616,0.4963541666666667,0.016707307221193162,0.20260416666666667,0.049812473860302624,0.36302083333333335,0.10472636094643664,1616.5399862010963,True,29
0.6325269095141253,19.127049995800746,3,0.3485416666666667,0.06694529988791843,0.20729166666666665,0.04931991917150041,0.027570117662350336,0.00259726447447789,0.002099875984713435,0.00042837840815687785,0.002899915057544907,0.0005625307296699987,0.014460784305507937,0.01145086615642682,0.014504253553847471,0.001078881961691899,0.3302083333333333,0.07169361169820734,0.3390625,0.10537322062554604,0.48854166666666665,0.0077076294723691504,0.20729166666666665,0.04931991917150041,0.3776041666666667,0.12688359474172906,1505.2696938398294,True,30
0.6325269095141253,40.000000000000014,3,0.3238541666666667,0.023184748264394282,0.20729166666666665,0.025451649422647115,0.029055553910632928,0.00012556139840476464,0.0018772971110107997,7.441156973479472e-05,0.002663678489625454,0.0005034513446683991,0.006530841676673542,0.006364743948538599,0.015284663687149683,0.0005818852889176138,0.3072916666666667,0.03102785626793016,0.28750000000000003,0.03792081593597373,0.4953125,0.016312978920172725,0.20729166666666665,0.025451649422647115,0.32187499999999997,0.06381430580206919,1324.096763808746,True,31
1.5,1.0,3,0.6511458333333334,0.27151418826109874,0.45468749999999997,0.23316877102487374,0.017234255870183308,0.0111385071215387,0.0019581725902389734,0.0007537645899349483,0.009981319463501373,0.002366745079272072,0.3320976346731186,0.08113367708955979,0.012554901031156382,0.0015985267741868878,0.6229166666666667,0.3496801458863276,0.6588541666666666,0.32802949999136255,0.5546875,0.10379752300151483,0.6125,0.3955440280487117,0.8067708333333332,0.20295866587086972,1323.2783137750812,True,32
1.5,2.091279105182547,3,0.500625,0.20045918965901766,0.21145833333333333,0.01213664603930317,0.024198635263989368,0.006759690060178722,0.0014540006903310618,0.0005582063681134435,0.006447399966418743,0.001282735941696219,0.1858200579881668,0.058795734633490616,0.013281080561379591,0.0011056338717131177,0.6609375,0.27550114138828896,0.5640625,0.36979129988244724,0.4869791666666667,0.01656053447456732,0.21145833333333333,0.01213664603930317,0.5796875,0.36690813840967057,1324.1956802341156,True,33
1.5,4.373448295773113,3,0.34645833333333337,0.029587551049103978,0.1734375,0.028427195935406636,0.02817988454053799,0.0023068261461530433,0.0010567801787207522,0.00020896129279503913,0.004490870827188094,0.0009110752584586604,0.09112030143539111,0.04192491604511562,0.013730557635426521,0.0003817201773691742,0.3567708333333333,0.0682033188952952,0.3520833333333333,0.07196552270589948,0.4802083333333333,0.009021097956087904,0.1734375,0.028427195935406636,0.3697916666666667,0.08083326621560787,1316.3419506582431,True,34
1.5,9.14610103854653,3,0.33749999999999997,0.030312499999999996,0.20364583333333333,0.0430845976200699,0.0295091583703955,0.00010086514698948263,0.0009406640531960875,5.966224715626294e-06,0.003433545663331946,0.0006684980998733939,0.038536561032136284,0.02257496141168066,0.014103176072239876,0.00035914926033394766,0.296875,0.04095419506900359,0.3338541666666666,0.08053066994681798,0.4890625,0.011796616305110546,0.20364583333333333,0.0430845976200699,0.3640625,0.09472152853892297,1309.6890507619828,True,35
1.5,19.127049995800746,3,0.333125,0.04669130673904939,0.20833333333333334,0.02689739861182365,0.029458908240000404,8.012920184861952e-05,0.0009209189408769209,9.784853504334764e-06,0.002917734906077385,0.0005602113374806491,0.015584150639673075,0.01131929819240013,0.014314683775107065,0.00031639009288724276,0.28177083333333336,0.031027856267930167,0.3713541666666667,0.14177768321683543,0.4869791666666667,0.01004546954270099,0.21145833333333333,0.030870086484869677,0.31406249999999997,0.08010003511235185,1312.7539115766995,True,36
1.5,40.000000000000014,3,0.3032291666666667,0.007682247528121793,0.20260416666666667,0.019784812409606854,0.02948432135085265,0.00013944739832577146,0.0009284112912913163,1.657878911498253e-05,0.002679812644297878,0.0005071845025276045,0.006949550802043329,0.006060339099116141,0.014448389410972595,0.000496590539662446,0.28020833333333334,0.023506841867493244,0.25,0.02031250000000001,0.4875,0.019948664585630792,0.20260416666666667,0.019784812409606854,0.29583333333333334,0.05664646162456518,1310.2182176238857,True,37
