point,seed,rate_budget,conn_budget,final_lambda_rate,train_rate_cost_tail,train_conn_cost_tail,mean_acc,min_task_acc,task_loss,metabolic_cost,wiring_cost,conn_frac,wiring_cost_w_in_l2,acc_fdgo,acc_reactgo,acc_delaygo,acc_fdanti,acc_reactanti,acc_delayanti,acc_dm1,acc_dm2,acc_contextdm1,acc_contextdm2,acc_multidm,acc_delaydm1,acc_delaydm2,acc_contextdelaydm1,acc_contextdelaydm2,acc_multidelaydm,acc_dmsgo,acc_dmsnogo,acc_dmcgo,acc_dmcnogo,is_feasible,checkpoint,train_time_s
g00,0,0.115,0.009053,1.0000000000000004e-06,0.0959788587063551,0.009050232077017427,0.97171875,0.740625,0.0023296829406172035,0.15092835143208505,0.009053004905581474,0.221721813082695,0.09937691688537598,1.0,1.0,1.0,1.0,1.0,1.0,1.0,1.0,1.0,0.9984375,1.0,0.984375,0.9484375,0.9609375,0.9390625,0.94375,0.925,0.740625,1.0,0.99375,True,g00/seed_00.pt,7800.03757545026
g00,1,0.115,0.009053,1.0000000000000004e-06,0.09584093545675278,0.009050394883938134,0.968984375,0.7671875,0.002412369777812273,0.14904347255825998,0.009050221182405949,0.18321079015731812,0.09379501640796661,1.0,1.0,1.0,1.0,1.0,1.0,1.0,1.0,1.0,1.0,0.9984375,0.9859375,0.953125,0.975,0.83125,0.9609375,0.909375,0.7671875,1.0,0.9984375,True,g00/seed_01.pt,7805.980421950109
g01,0,0.02232,0.007066,1.0000000000000004e-06,0.02101362091768533,0.007065306745283306,0.9689062499999999,0.675,0.0023728315857442796,0.03333620029967278,0.007065667305141687,0.11041666567325592,0.061942264437675476,1.0,1.0,1.0,1.0,1.0,1.0,1.0,1.0,1.0,0.9984375,1.0,0.978125,0.9390625,0.9546875,0.946875,0.965625,0.9265625,0.675,1.0,0.99375,True,g01/seed_00.pt,7811.895117364358
g01,1,0.02232,0.007066,1.0000000000000004e-06,0.02069763210117817,0.0070651461637578905,0.970390625,0.75,0.0021526470013486687,0.03305154076311737,0.007065624464303255,0.09545036405324936,0.0625682920217514,1.0,1.0,1.0,1.0,1.0,1.0,1.0,1.0,1.0,1.0,1.0,0.975,0.9203125,0.9859375,0.9578125,0.9734375,0.9375,0.75,1.0,0.9078125,True,g01/seed_01.pt,7817.870058177039
g02,0,0.06732,0.002047,1.0000000000000004e-06,0.0625407714061439,0.002047001799987629,0.9486718749999999,0.759375,0.0037058384589545314,0.08085321627557278,0.002047007903456688,0.007475490216165781,0.1048281192779541,1.0,1.0,1.0,1.0,1.0,1.0,1.0,1.0,1.0,0.9984375,1.0,0.9171875,0.859375,0.8109375,0.8421875,0.859375,0.9265625,0.759375,1.0,1.0,True,g02/seed_00.pt,7824.308470440097
g02,1,0.06732,0.002047,1.0000000000000004e-06,0.05996712358295918,0.002047004849044606,0.9539843749999999,0.7265625,0.0032922303810482847,0.08208335764706134,0.0020470062736421824,0.009037990123033524,0.10432247817516327,1.0,1.0,1.0,1.0,1.0,1.0,1.0,1.0,0.9953125,1.0,0.996875,0.959375,0.8828125,0.8421875,0.86875,0.8921875,0.921875,0.7265625,1.0,0.99375,True,g02/seed_01.pt,7830.252255517989
g03,0,0.01494,0.003934,1.0000000000000004e-06,0.01469998135175556,0.003933982382155955,0.965546875,0.6453125,0.0027357271849905375,0.02265239438973367,0.003934008069336414,0.025245098397135735,0.06266510486602783,1.0,1.0,1.0,1.0,1.0,1.0,1.0,1.0,0.996875,1.0,1.0,0.9515625,0.9484375,0.95,0.9515625,0.953125,0.934375,0.6453125,1.0,0.9796875,True,g03/seed_00.pt,7836.206854427233
g03,1,0.01494,0.003934,1.0000000000000004e-06,0.01451253130044788,0.003933962730318308,0.9626562499999999,0.6484375,0.0027458374692650974,0.022151954150758685,0.003934016916900873,0.024984681978821754,0.06644576787948608,1.0,1.0,1.0,1.0,1.0,1.0,1.0,1.0,1.0,1.0,1.0,0.9796875,0.9078125,0.95,0.921875,0.9203125,0.93125,0.6484375,1.0,0.99375,True,g03/seed_01.pt,7842.269694334362
g04,0,0.0029,0.004209,0.23498398444979857,0.0028944194961804896,0.004208993750624359,0.9478124999999998,0.6890625,0.003714127042185282,0.004825600437470712,0.004209008067846298,0.015839461237192154,0.038673654198646545,1.0,1.0,0.9921875,1.0,1.0,1.0,1.0,1.0,0.996875,1.0,0.9984375,0.965625,0.9484375,0.778125,0.9328125,0.9109375,0.93125,0.6890625,1.0,0.8125,True,g04/seed_00.pt,7851.132251626346
g04,1,0.0029,0.004209,0.1571339628854773,0.0028942014453932643,0.004208996291924268,0.9252343749999999,0.4734375,0.004080842043840675,0.004557127363514155,0.004209008067846298,0.016911765560507774,0.04002796858549118,1.0,1.0,1.0,1.0,1.0,1.0,1.0,1.0,1.0,1.0,0.9984375,0.959375,0.9125,0.946875,0.8328125,0.9390625,0.940625,0.4734375,1.0,0.5015625,False,g04/seed_01.pt,7857.113546377048
g05,0,0.05151,0.00756,1.0000000000000004e-06,0.045100387378409504,0.007558724675141275,0.9642968749999999,0.665625,0.0025491888297983676,0.07080230087973177,0.007559735327959061,0.15064337849617004,0.07762736082077026,1.0,1.0,1.0,1.0,1.0,1.0,1.0,1.0,1.0,1.0,1.0,0.965625,0.9375,0.9359375,0.9015625,0.95625,0.9234375,0.665625,1.0,1.0,True,g05/seed_00.pt,7863.764995704405
g05,1,0.05151,0.00756,1.0000000000000004e-06,0.045593284748494625,0.007558549338765442,0.9694531249999999,0.728125,0.0022264864257886077,0.07002488555386663,0.007557946257293224,0.12621016800403595,0.08091869205236435,1.0,1.0,1.0,1.0,1.0,1.0,1.0,1.0,1.0,1.0,0.9984375,0.946875,0.9046875,0.9515625,0.9484375,0.9859375,0.925,0.728125,1.0,1.0,True,g05/seed_01.pt,7872.140301314183
g06,0,0.008182,0.0106,0.013166887040964304,0.008132126782927662,0.010599226493015885,0.9741406250000001,0.6859375,0.0020651820001512536,0.013684158091200516,0.010598720982670784,0.1864430159330368,0.04626026004552841,1.0,1.0,1.0,1.0,1.0,1.0,1.0,1.0,1.0,1.0,1.0,0.971875,0.9734375,0.9765625,0.9625,0.9796875,0.9328125,0.6859375,1.0,1.0,True,g06/seed_00.pt,8138.135576651897
g06,1,0.008182,0.0106,0.015325117583143647,0.008161708749923856,0.010599078828468918,0.966484375,0.546875,0.002506534137937706,0.013997406788403168,0.010600004345178604,0.16023284196853638,0.04725193604826927,1.0,1.0,1.0,1.0,1.0,1.0,1.0,1.0,0.9984375,1.0,0.9984375,0.975,0.9828125,0.9734375,0.95,0.975,0.9296875,0.546875,1.0,1.0,False,g06/seed_01.pt,8144.246614546981
g07,0,0.006694,0.003847,0.04454344269560881,0.006678058302495629,0.0038470010491088035,0.9721875000000001,0.765625,0.002383489841377013,0.01067031805694569,0.003847007639706135,0.019868260249495506,0.048303667455911636,1.0,1.0,1.0,1.0,1.0,1.0,1.0,1.0,1.0,1.0,1.0,0.978125,0.94375,0.9421875,0.9390625,0.9484375,0.9265625,0.765625,1.0,1.0,True,g07/seed_00.pt,8150.26531852223
g07,1,0.006694,0.003847,0.0351117167728688,0.006685381587408483,0.0038469977177213875,0.95765625,0.7296875,0.0031455027109768704,0.010675299146678299,0.003847007639706135,0.015425858087837696,0.05305768549442291,1.0,1.0,1.0,1.0,1.0,1.0,1.0,1.0,1.0,1.0,1.0,0.9265625,0.90625,0.9,0.89375,0.865625,0.93125,0.7296875,1.0,1.0,True,g07/seed_01.pt,8156.359877448063
g08,0,0.1229,0.01486,1.0000000000000004e-06,0.09999980250000953,0.014854455725476145,0.96390625,0.7421875,0.0024236718421161646,0.1538463089801371,0.014851650223135948,0.40528494119644165,0.09682469815015793,1.0,1.0,1.0,1.0,1.0,1.0,1.0,1.0,1.0,1.0,0.9984375,0.9578125,0.8796875,0.965625,0.859375,0.95625,0.91875,0.7421875,1.0,1.0,True,g08/seed_00.pt,8163.3237760439515
g08,1,0.1229,0.01486,1.0000000000000004e-06,0.10053714685887098,0.014854825009964406,0.97953125,0.8546875,0.0016871890330367027,0.16250934470444917,0.014855045825242996,0.34204962849617004,0.09566628932952881,1.0,1.0,1.0,1.0,1.0,1.0,1.0,1.0,0.990625,0.9984375,1.0,0.9578125,0.9734375,0.959375,0.9515625,0.9828125,0.921875,0.8546875,1.0,1.0,True,g08/seed_01.pt,8169.3194173011
g09,0,0.02917,0.003141,1.0000000000000004e-06,0.027210635728389023,0.0031410052755847574,0.957421875,0.746875,0.002952983275099541,0.03858597446698695,0.0031410076189786196,0.020128676667809486,0.07720572501420975,1.0,1.0,1.0,1.0,1.0,1.0,1.0,1.0,1.0,0.996875,1.0,0.9640625,0.925,0.8421875,0.8546875,0.8859375,0.9328125,0.746875,1.0,1.0,True,g09/seed_00.pt,8175.316811260302
g09,1,0.02917,0.003141,1.0000000000000004e-06,0.02770650206245482,0.003140993380500004,0.96328125,0.6875,0.0026629300726926882,0.03937207723967731,0.003141008084639907,0.01761642098426819,0.08040519803762436,1.0,1.0,1.0,1.0,1.0,1.0,1.0,1.0,1.0,1.0,1.0,0.975,0.93125,0.9265625,0.8984375,0.9375,0.909375,0.6875,1.0,1.0,True,g09/seed_01.pt,8181.619702368975
g10,0,0.006921,0.02855,0.01446964485260565,0.006883319913875312,0.027717221964523198,0.97578125,0.853125,0.002025200189855241,0.01233775720698759,0.02786741778254509,0.6672487854957581,0.047854483127593994,1.0,1.0,1.0,1.0,1.0,1.0,1.0,1.0,1.0,1.0,1.0,0.9828125,0.9734375,0.9359375,0.934375,0.890625,0.9453125,0.853125,1.0,1.0,True,g10/seed_00.pt,8187.631227812264
g10,1,0.006921,0.02855,0.00721160613733744,0.006870580526348203,0.02854739569798112,0.9747656250000001,0.740625,0.0018076709649903933,0.011269024658249692,0.028548801317811012,0.5764399766921997,0.05137157812714577,1.0,1.0,1.0,1.0,1.0,1.0,1.0,1.0,1.0,1.0,1.0,0.98125,0.9609375,0.9765625,0.9546875,0.940625,0.940625,0.740625,1.0,1.0,True,g10/seed_01.pt,8193.605954233091
g11,0,0.002713,0.0116,0.2222773217527733,0.002719793628435582,0.011599568427540362,0.9596874999999999,0.4859375,0.002541512405296089,0.004326796032255515,0.011596948839724064,0.17461703717708588,0.035505447536706924,1.0,1.0,1.0,1.0,1.0,1.0,1.0,1.0,1.0,1.0,0.9984375,0.971875,0.9578125,0.975,0.940625,0.934375,0.934375,0.4859375,1.0,0.9953125,False,g11/seed_00.pt,8199.595666185953
g11,1,0.002713,0.0116,0.2263540311166802,0.0027163695642957466,0.011599690701067448,0.94015625,0.4828125,0.003138424372009467,0.00449183645483572,0.011600007303059101,0.14779411256313324,0.03507816791534424,1.0,1.0,1.0,1.0,1.0,1.0,1.0,1.0,1.0,1.0,0.9984375,0.9625,0.94375,0.965625,0.9328125,0.9578125,0.940625,0.4828125,1.0,0.61875,False,g11/seed_01.pt,8205.575312280096
