generation,index,x0,x1,seed,rate_budget,conn_budget,final_lambda_rate,final_lambda_connectivity,train_rate_cost_tail,train_conn_cost_tail,mean_acc,min_task_acc,task_loss,metabolic_cost,wiring_cost,conn_frac,wiring_cost_w_in_l2,acc_fdgo,acc_reactgo,acc_delaygo,acc_fdanti,acc_reactanti,acc_delayanti,acc_dm1,acc_dm2,acc_contextdm1,acc_contextdm2,acc_multidm,acc_delaydm1,acc_delaydm2,acc_contextdelaydm1,acc_contextdelaydm2,acc_multidelaydm,acc_dmsgo,acc_dmsnogo,acc_dmcgo,acc_dmcnogo,task_error,log10_metabolic_cost,log10_wiring_cost,constraint_g,is_feasible,train_time_s
0,0,-1.7392731021,-1.581137959,0,0.018227491228121596,0.026233850601541365,1.0000000000000004e-06,nan,0.016762391774915158,0.026228658524155617,0.9792187499999999,0.8703125,0.0017108417815688882,0.028353664386086167,0.026232875883579254,0.6687959432601929,0.060476161539554596,1.0,1.0,1.0,1.0,1.0,1.0,1.0,1.0,1.0,1.0,1.0,0.9578125,0.98125,0.9359375,0.8703125,0.9671875,0.940625,0.93125,1.0,1.0,0.12968749999999996,-1.5473908055606411,-1.5811540955360537,-0.27031250000000007,True,12801.981604801025
0,1,-2.4286618988,-1.5832716816,0,0.0037268172861863297,0.026105277753272402,0.1251375837114927,nan,0.0037417192456312477,0.026103886995092033,0.96171875,0.696875,0.002537548341679212,0.0061075487703783436,0.026102660223841667,0.5849264860153198,0.040700700134038925,1.0,1.0,1.0,1.0,1.0,1.0,1.0,1.0,0.9953125,0.9984375,1.0,0.8515625,0.965625,0.9453125,0.890625,0.9484375,0.9421875,0.696875,1.0,1.0,0.303125,-2.2141330563853683,-1.5833152297628128,-0.09687500000000004,True,12801.981604801025
0,2,-2.114266928,-2.201099468,0,0.00768657859233903,0.006293620213811388,0.021592534129752584,nan,0.00766642495021224,0.006293431192915887,0.973828125,0.7609375,0.002149366118901526,0.012346868274034932,0.006293626967817545,0.0702512264251709,0.04794975742697716,1.0,1.0,1.0,1.0,1.0,1.0,1.0,1.0,1.0,1.0,1.0,0.946875,0.96875,0.975,0.925,0.965625,0.934375,0.7609375,1.0,1.0,0.23906249999999996,-1.9084431852206158,-2.2010990019088923,-0.16093750000000007,True,12801.981604801025
0,3,-1.1469769331,-2.2177144768,0,0.07128908933262362,0.006057389817419889,1.0000000000000004e-06,nan,0.06281087384670973,0.006056526928488165,0.9682031249999999,0.7,0.0025056568675790912,0.0937306121736765,0.006057449616491795,0.10450367629528046,0.08894187957048416,1.0,1.0,1.0,1.0,1.0,1.0,1.0,1.0,1.0,1.0,0.9984375,0.9734375,0.959375,0.95625,0.95,0.9234375,0.903125,0.7,1.0,1.0,0.30000000000000004,-1.0281185464989506,-2.217710189467896,-0.09999999999999998,True,12801.981604801025
0,4,-1.66844817,-2.6665579721,0,0.02145615164776003,0.0021549739659563753,1.0000000000000004e-06,nan,0.020829311143234372,0.002154981215996668,0.9532812500000001,0.7578125,0.0032435813056144987,0.02847299678483978,0.002154976362362504,0.009558823890984058,0.07761411368846893,1.0,1.0,1.0,1.0,1.0,1.0,1.0,1.0,1.0,0.9984375,0.996875,0.909375,0.9015625,0.84375,0.85,0.875,0.9328125,0.7578125,1.0,1.0,0.2421875,-1.5455668209237803,-2.6665574891931945,-0.15781250000000002,True,12801.981604801025
0,5,-1.2860867628,-2.0660643575,0,0.051750343544122786,0.008588862348301822,1.0000000000000004e-06,nan,0.04501201041713357,0.008586467872560025,0.9379687500000001,0.534375,0.0032998368568587467,0.06928589490242303,0.008588380180299282,0.18385416269302368,0.07834629714488983,1.0,1.0,1.0,1.0,1.0,1.0,1.0,1.0,1.0,0.9984375,1.0,0.9828125,0.934375,0.9375,0.9203125,0.9640625,0.928125,0.559375,1.0,0.534375,0.46562499999999996,-1.1593551692776345,-2.066088738973609,0.06562499999999993,False,12801.981604801025
0,6,-2.0807028354,-1.7717058978,0,0.008304187845058195,0.016915860778911433,0.003362731374356561,nan,0.008254267291817814,0.016913266703486442,0.9395312499999999,0.5015625,0.002961726425601228,0.013214297412196175,0.016914671286940575,0.3853094279766083,0.045702021569013596,1.0,1.0,1.0,1.0,1.0,1.0,1.0,1.0,1.0,1.0,1.0,0.9765625,0.940625,0.9859375,0.9671875,0.975,0.93125,0.5015625,1.0,0.5125,0.4984375,-1.8789559228173864,-1.7717364377018938,0.09843749999999996,False,12801.981604801025
0,7,-2.1304611247,-2.1656151005,0,0.0074052355152718855,0.006829436942880018,0.02722071115730447,nan,0.007387391075957567,0.006829200800508261,0.9709375,0.6515625,0.0022941505613562185,0.012175695589976386,0.006829443853348494,0.08281250298023224,0.04598044231534004,1.0,1.0,1.0,1.0,1.0,1.0,1.0,1.0,1.0,1.0,1.0,0.9796875,0.975,0.975,0.940625,0.9734375,0.9234375,0.6515625,1.0,1.0,0.34843749999999996,-1.9145062184288013,-2.1656146610704448,-0.05156250000000007,True,12801.981604801025
0,8,-2.4476336101,-2.2248723446,0,0.003567519781035936,0.005958372567079809,0.13819396172939183,nan,0.0035624931996222587,0.005958332606963814,0.931640625,0.4984375,0.0037848540683262403,0.005766691604512744,0.005958381108939648,0.04489889740943909,0.039565347135066986,1.0,1.0,1.0,1.0,1.0,1.0,1.0,1.0,1.0,0.9984375,1.0,0.96875,0.9390625,0.95625,0.9375,0.903125,0.9109375,0.4984375,1.0,0.5203125,0.5015625,-2.2390732734962673,-2.224871721964193,0.1015625,False,12801.981604801025
0,9,-2.3174789637,-2.3904655775,0,0.004814165722178853,0.004069437871866737,0.07663934116871965,nan,0.004804359766980633,0.004069439798872918,0.929921875,0.49375,0.003833220593478472,0.0075350773247191685,0.004069446120411158,0.01718750037252903,0.04481519013643265,1.0,1.0,1.0,1.0,1.0,1.0,1.0,1.0,0.9984375,0.9984375,0.99375,0.934375,0.9515625,0.9578125,0.928125,0.925,0.9125,0.49375,1.0,0.5046875,0.50625,-2.122912286610591,-2.39046469721664,0.10624999999999996,False,12801.981604801025
0,10,-1.2919902733,-2.3691837151,0,0.051051643369194405,0.004273820568928474,1.0000000000000004e-06,nan,0.04700692627504468,0.0042737113748677075,0.9686718749999998,0.7859375,0.002500713837798685,0.06552851635962725,0.004273828584700823,0.04866727814078331,0.08751186728477478,1.0,1.0,1.0,1.0,1.0,1.0,1.0,1.0,1.0,1.0,0.996875,0.9625,0.91875,0.9328125,0.9171875,0.94375,0.915625,0.7859375,1.0,1.0,0.21406250000000004,-1.1835696648551113,-2.369182900564894,-0.18593749999999998,True,12801.981604801025
0,11,-1.7892072028,-1.5455335562,0,0.016247733879202135,0.028475177752235944,1.0000000000000004e-06,nan,0.015066763725318014,0.026919717299565674,0.981484375,0.8640625,0.0015640234876991596,0.02684259390924126,0.02704513631761074,0.686611533164978,0.057610414922237396,1.0,1.0,1.0,1.0,1.0,1.0,1.0,1.0,1.0,1.0,1.0,0.9609375,0.984375,0.96875,0.9421875,0.965625,0.94375,0.8640625,1.0,1.0,0.13593750000000004,-1.571175518829493,-1.5679108252096436,-0.2640625,True,12801.981604801025
0,12,-0.8958038518,-1.8465508903,0,0.12711480868684602,0.01423800396879878,1.0000000000000004e-06,nan,0.10383266512155533,0.014233371174894273,0.9751562500000001,0.784375,0.0019778117988607847,0.167702140212059,0.014236697927117348,0.38589155673980713,0.0968610867857933,1.0,1.0,1.0,1.0,1.0,1.0,1.0,1.0,0.9984375,1.0,1.0,0.9828125,0.9421875,0.95625,0.9484375,0.971875,0.91875,0.784375,1.0,1.0,0.21562499999999996,-0.7754613948992435,-1.8465907296829347,-0.18437500000000007,True,12801.981604801025
0,13,-1.6841364928,-2.3733206795,0,0.020694908340225394,0.004233302669556894,1.0000000000000004e-06,nan,0.019799276102147996,0.004233221776410937,0.968125,0.75625,0.002479284129804,0.029633662716951222,0.0042333099991083145,0.03356311097741127,0.06478323042392731,1.0,1.0,1.0,1.0,1.0,1.0,1.0,1.0,1.0,1.0,1.0,0.9078125,0.95625,0.953125,0.9203125,0.9359375,0.9328125,0.75625,1.0,1.0,0.24375000000000002,-1.5282146664594825,-2.3733199276108934,-0.15625,True,12801.981604801025
0,14,-2.3977376458,-1.5582492039,0,0.004001864265270272,0.027653543931437846,0.09021041904240362,nan,0.004015122271887958,0.027652027132362127,0.9675,0.5578125,0.0021890322382387235,0.007172867711051367,0.027652613818645477,0.6271599531173706,0.04110643267631531,1.0,1.0,1.0,1.0,1.0,1.0,1.0,1.0,1.0,1.0,0.9984375,0.990625,0.9875,0.9796875,0.909375,0.9765625,0.95,0.5578125,1.0,1.0,0.44218749999999996,-2.1443071787686616,-1.5582638114347687,0.04218749999999993,False,12801.981604801025
0,15,-1.7313097903,-2.5627014703,0,0.018564797211962015,0.002737149569240805,1.0000000000000004e-06,nan,0.018098310801759363,0.002737150654476136,0.9525,0.746875,0.003152679828053806,0.026136479093693196,0.002737157279625535,0.01331188715994358,0.06994033604860306,1.0,1.0,1.0,1.0,1.0,1.0,1.0,1.0,0.996875,1.0,1.0,0.940625,0.8859375,0.8765625,0.8484375,0.8296875,0.934375,0.746875,1.0,0.990625,0.25312500000000004,-1.5827529176418833,-2.5627002469044564,-0.14687499999999998,True,12801.981604801025
0,16,-1.5298885156,-1.7855197825,0,0.029519669061178987,0.0163862741864082,1.0000000000000004e-06,nan,0.026417987601459025,0.01638275477029383,0.98015625,0.815625,0.0017372870800681996,0.04509315842296928,0.016385626047849655,0.40467217564582825,0.06617286801338196,1.0,1.0,1.0,1.0,1.0,1.0,1.0,1.0,1.0,1.0,1.0,0.9859375,0.9609375,0.984375,0.9453125,0.9796875,0.93125,0.815625,1.0,1.0,0.18437499999999996,-1.3458893446972433,-1.7855369608160947,-0.21562500000000007,True,12801.981604801025
0,17,-1.5495512602,-1.6201441918,0,0.02821296563059689,0.02398036605486032,1.0000000000000004e-06,nan,0.024966586143895984,0.023975909573584794,0.9786718749999999,0.790625,0.0017091473881373533,0.043606541701592505,0.023975810036063194,0.6149049997329712,0.06761837005615234,1.0,1.0,1.0,1.0,1.0,1.0,1.0,1.0,1.0,1.0,0.9984375,0.9953125,0.984375,0.9703125,0.9359375,0.959375,0.9390625,0.790625,1.0,1.0,0.20937499999999998,-1.360448354497632,-1.6202267110290594,-0.19062500000000004,True,12801.981604801025
0,18,-2.624730935,-2.0773007922,0,0.0023728433337430574,0.008369494105122001,0.22168329969876835,nan,0.0023749878441449257,0.008369397359900176,0.9362500000000002,0.490625,0.0034417146404666712,0.003889873619773425,0.00836949609220028,0.08676470816135406,0.03241819888353348,1.0,1.0,1.0,1.0,1.0,1.0,1.0,1.0,1.0,1.0,1.0,0.9796875,0.9375,0.975,0.925,0.9703125,0.9328125,0.5140625,1.0,0.490625,0.509375,-2.410064508475482,-2.0773006890754053,0.109375,False,12801.981604801025
0,19,-1.8376870835,-2.6256412093,0,0.014531582656826376,0.0023678751005141606,1.4767506958913761e-06,nan,0.014294595581293106,0.002367881463840604,0.925,0.478125,0.004083305105014005,0.02030785326147452,0.0023678834550082684,0.007490808609873056,0.06397395581007004,1.0,1.0,1.0,1.0,1.0,1.0,0.996875,1.0,1.0,0.996875,1.0,0.9671875,0.915625,0.89375,0.89375,0.93125,0.9234375,0.478125,1.0,0.503125,0.521875,-1.6923359833392337,-2.6256396769881336,0.12187499999999996,False,12801.981604801025
0,20,-1.4964403973,-1.6961959758,0,0.03188303109597578,0.020128157597941836,1.0000000000000004e-06,nan,0.028067038528621198,0.02012326293848455,0.98265625,0.8359375,0.0014709562111602282,0.04688733086455613,0.020123718306422234,0.5163143277168274,0.0698218122124672,1.0,1.0,1.0,1.0,1.0,1.0,1.0,1.0,1.0,1.0,1.0,0.9765625,0.9703125,0.9671875,0.96875,0.99375,0.940625,0.8359375,1.0,1.0,0.1640625,-1.3289444894575353,-1.6962917705960736,-0.23593750000000002,True,12801.981604801025
0,21,-1.5871692698,-2.3930716695,0,0.025872043346465274,0.004045091319739115,1.0000000000000004e-06,nan,0.024360378658026458,0.004045030718483031,0.9705468749999999,0.74375,0.0022657569498551315,0.035857046265155075,0.004045098088681698,0.03628982976078987,0.07041817903518677,1.0,1.0,1.0,1.0,1.0,1.0,1.0,1.0,1.0,1.0,1.0,0.96875,0.9484375,0.94375,0.9359375,0.9484375,0.921875,0.74375,1.0,1.0,0.25625,-1.4454254884374678,-2.393070942813958,-0.14375000000000004,True,12801.981604801025
0,22,-1.1241406984,-2.0997563516,0,0.07513794301400234,0.007947739947963162,1.0000000000000004e-06,nan,0.0648062693797052,0.007945880880951882,0.974609375,0.759375,0.0021747539126954507,0.10002821039408445,0.007944696582853794,0.17207413911819458,0.08708439022302628,1.0,1.0,1.0,1.0,1.0,1.0,1.0,1.0,1.0,1.0,1.0,0.971875,0.9765625,0.9765625,0.9328125,0.9734375,0.9203125,0.759375,1.0,0.98125,0.24062499999999998,-0.9998775010930679,-2.099922684348175,-0.15937500000000004,True,12801.981604801025
0,23,-1.7410220472,-1.8133377593,0,0.018154234995567148,0.015369588526221313,1.0000000000000004e-06,nan,0.016884527647867797,0.015366807398013771,0.9651562499999999,0.721875,0.0024325093756851855,0.028419957887381317,0.015369616448879242,0.3665594458580017,0.05650504678487778,1.0,1.0,1.0,1.0,1.0,1.0,1.0,1.0,1.0,1.0,1.0,0.9765625,0.9796875,0.9625,0.975,0.9703125,0.934375,0.7828125,1.0,0.721875,0.27812499999999996,-1.5463765699444907,-1.8133369702500075,-0.12187500000000007,True,12801.981604801025
0,24,-2.421607125,-1.7350141843,0,0.003787850893874551,0.018407118818471593,0.06721581828164612,nan,0.003768971765227616,0.018405793996155263,0.9331250000000001,0.4734375,0.003403862355771707,0.006505331320222467,0.018405141308903694,0.3765012323856354,0.038063228130340576,1.0,1.0,1.0,1.0,1.0,1.0,1.0,1.0,1.0,1.0,1.0,0.9328125,0.9,0.96875,0.9421875,0.9796875,0.9359375,0.4734375,1.0,0.5296875,0.5265625,-2.1867305796742498,-1.7350608438276633,0.12656249999999997,False,13215.69916507788
0,25,-1.4177651951,-1.7732721713,0,0.03821508279935177,0.016854963976493123,1.0000000000000004e-06,nan,0.03337677409276366,0.016850958567112686,0.9839062500000001,0.8703125,0.0016005950939506873,0.05681034242734313,0.016853930428624153,0.4262714385986328,0.0704178586602211,1.0,1.0,1.0,1.0,1.0,1.0,1.0,1.0,1.0,1.0,1.0,0.9859375,0.9765625,0.9578125,0.9671875,0.978125,0.9421875,0.8703125,1.0,1.0,0.12968749999999996,-1.2455725929818968,-1.7732988031362087,-0.27031250000000007,True,13215.69916507788
0,26,-2.3396777796,-1.7553165278,0,0.004574274474028085,0.01756642849235825,0.07795359039474614,nan,0.00458847127975896,0.017564722675830126,0.9551562500000002,0.5140625,0.002766421623782662,0.007998144513112492,0.017566455528140068,0.371537983417511,0.0420381985604763,1.0,1.0,1.0,1.0,1.0,1.0,1.0,1.0,1.0,1.0,1.0,0.990625,0.959375,0.9734375,0.934375,0.9671875,0.9328125,0.5140625,1.0,0.83125,0.4859375,-2.0970107531556956,-1.755315859441542,0.0859375,False,13215.69916507788
0,27,-2.3402259218,-2.6030566839,0,0.004568504722417351,0.0024942691549161957,0.07911566560299069,nan,0.004539106920035556,0.0024942714740522204,0.955390625,0.7546875,0.0038884663148928663,0.007262148063164204,0.0024942762684077024,0.00534620089456439,0.04679621383547783,1.0,1.0,1.0,1.0,1.0,1.0,1.0,0.9984375,0.9984375,1.0,1.0,0.975,0.9046875,0.7546875,0.9140625,0.884375,0.925,0.75625,1.0,0.996875,0.24531250000000004,-2.138934900788086,-2.6030554453241592,-0.15468749999999998,True,13215.69916507788
0,28,-1.0953670334,-1.6860220129,0,0.08028473284555146,0.02060525469583986,1.0000000000000004e-06,nan,0.06598781790882349,0.020598761953786016,0.982734375,0.859375,0.0015601789719949014,0.10686648545786738,0.02059808559715748,0.5597273111343384,0.08726668357849121,1.0,1.0,1.0,1.0,1.0,1.0,1.0,1.0,0.9984375,1.0,1.0,0.9796875,0.9515625,0.9828125,0.959375,0.9765625,0.946875,0.859375,1.0,1.0,0.140625,-0.9711584731149643,-1.6861731414379157,-0.259375,True,13215.69916507788
0,29,-1.0554092489,-2.1439611083,0,0.08802190248741185,0.0071785857361083396,1.0000000000000004e-06,nan,0.07566576764807105,0.00717722678007558,0.9705468750000001,0.7640625,0.002495888074845425,0.11651254834607244,0.007178396452218294,0.14834558963775635,0.09312564879655838,1.0,1.0,1.0,1.0,1.0,1.0,1.0,1.0,1.0,1.0,1.0,0.9453125,0.965625,0.928125,0.9296875,0.9578125,0.921875,0.7640625,1.0,0.9984375,0.23593750000000002,-0.9336272988097913,-2.1439725598985557,-0.1640625,True,13215.69916507788
0,30,-2.1851124866,-2.6906293667,0,0.006529614073027303,0.0020387812613757855,0.039635063775878145,nan,0.006567119886446744,0.0020387891967780887,0.8994531250000002,0.4953125,0.005417264219067875,0.009730861010611989,0.0020387896802276373,0.004013480618596077,0.05346957594156265,1.0,1.0,1.0,1.0,1.0,1.0,0.9984375,1.0,1.0,0.996875,0.9984375,0.86875,0.8359375,0.7921875,0.746875,0.84375,0.9203125,0.4953125,0.984375,0.5078125,0.5046875,-2.0118487305832473,-2.6906275733526717,0.10468749999999999,False,13215.69916507788
0,31,-1.4882037661,-1.8522908711,0,0.03249348058623716,0.014051061314789164,1.0000000000000004e-06,nan,0.02891409798339009,0.014047345547564328,0.977265625,0.7859375,0.0018450302516430385,0.047895538359880446,0.014050091616809368,0.3397365212440491,0.06587488204240799,1.0,1.0,1.0,1.0,1.0,1.0,1.0,1.0,0.9921875,0.996875,1.0,0.9671875,0.9671875,0.9765625,0.9421875,0.9828125,0.934375,0.7859375,1.0,1.0,0.21406250000000004,-1.3197049407802508,-1.852320843833988,-0.18593749999999998,True,13215.69916507788
0,32,-1.1322265336,-2.3674559555,0,0.07375194301483369,0.004290857033261889,1.0000000000000004e-06,nan,0.06723866360336542,0.0042906465547159316,0.968984375,0.7828125,0.0025279597716871645,0.09157963750883936,0.0042908648028969765,0.051317401230335236,0.0940144956111908,1.0,1.0,1.0,1.0,1.0,1.0,1.0,1.0,1.0,1.0,1.0,0.9484375,0.9296875,0.934375,0.9078125,0.9546875,0.921875,0.7828125,1.0,1.0,0.21718749999999998,-1.03820107983237,-2.3674551690564236,-0.18281250000000004,True,13215.69916507788
0,33,-2.2954227559,-1.9470579566,0,0.005064974276969022,0.011296451534649166,0.04986882211289335,nan,0.005049756149668246,0.011295625994354486,0.973671875,0.721875,0.001917945808709192,0.008520282472018153,0.011296462267637253,0.18965992331504822,0.041267406195402145,1.0,1.0,1.0,1.0,1.0,1.0,1.0,1.0,1.0,1.0,1.0,0.975,0.9671875,0.9625,0.940625,0.975,0.93125,0.721875,1.0,1.0,0.27812499999999996,-2.0695460068758798,-1.9470575439678854,-0.12187500000000007,True,13215.69916507788
0,34,-1.1894428718,-1.5656051142,0,0.06464830284280017,0.027189103367971736,1.0000000000000004e-06,nan,0.053404020611196756,0.02592129165828228,0.982421875,0.8859375,0.0015375349131136317,0.09359198266640306,0.02601441740989685,0.6938878893852234,0.08581183105707169,1.0,1.0,1.0,1.0,1.0,1.0,1.0,1.0,1.0,0.9953125,1.0,0.953125,0.98125,0.95625,0.9546875,0.9734375,0.9484375,0.8859375,1.0,1.0,0.11406249999999996,-1.028761352467772,-1.5847858956376397,-0.28593750000000007,True,13215.69916507788
0,35,-2.4167267256,-2.1318442296,0,0.0038306570679723434,0.007381689451619137,0.12340219811180633,nan,0.0038251848155632616,0.007381618770956993,0.972421875,0.721875,0.0022629238238732795,0.006311787414597347,0.007381695322692394,0.0757659301161766,0.03716447204351425,1.0,1.0,1.0,1.0,1.0,1.0,1.0,1.0,0.9984375,1.0,0.9984375,0.9734375,0.953125,0.9640625,0.9421875,0.9515625,0.9453125,0.721875,1.0,1.0,0.27812499999999996,-2.199847636893387,-2.1318438841476963,-0.12187500000000007,True,13215.69916507788
0,36,-1.0213229494,-2.201816345,0,0.09520879105839365,0.0062832400905959,1.0000000000000004e-06,nan,0.08209462393820285,0.00628199817892164,0.970078125,0.6828125,0.002479558764462126,0.12007556911557912,0.006283247843384743,0.11789215356111526,0.09593044966459274,1.0,1.0,1.0,1.0,1.0,1.0,1.0,1.0,0.9984375,1.0,1.0,0.9703125,0.95,0.9765625,0.9265625,0.9765625,0.9203125,0.6828125,1.0,1.0,0.31718749999999996,-0.9205453462824223,-2.201815809153794,-0.08281250000000007,True,13215.69916507788
0,37,-1.593617523,-2.6701667326,0,0.025490741976903535,0.002137141449150777,1.0000000000000004e-06,nan,0.024485143284872175,0.002137148525984958,0.9478125000000001,0.678125,0.003451845694435178,0.033042068963404746,0.0021371496841311455,0.007552083116024733,0.07752076536417007,1.0,1.0,1.0,1.0,1.0,1.0,1.0,1.0,0.9984375,0.9984375,1.0,0.9359375,0.8890625,0.784375,0.86875,0.903125,0.9234375,0.678125,1.0,0.9765625,0.321875,-1.4809327667009935,-2.6701650591575894,-0.078125,True,13215.69916507788
0,38,-1.4361914575,-1.6180379125,0,0.03662760672876891,0.024096950610109417,1.0000000000000004e-06,nan,0.03170221305526793,0.024091656951233744,0.983984375,0.9171875,0.0014884913192872774,0.05307739411480725,0.024091403931379318,0.6294883489608765,0.07392788678407669,1.0,1.0,1.0,1.0,1.0,1.0,1.0,1.0,1.0,1.0,1.0,0.9515625,0.9671875,0.9703125,0.9484375,0.975,0.95,0.9171875,1.0,1.0,0.08281249999999996,-1.275090407385234,-1.6181378906664596,-0.31718750000000007,True,13215.69916507788
0,39,-1.1486218573,-1.6575173589,0,0.07101958704666728,0.022003037607689454,1.0000000000000004e-06,nan,0.05871176759377122,0.02199693501777947,0.986015625,0.915625,0.0013212487267446704,0.09713125100359321,0.02199432998895645,0.5912530422210693,0.08646058291196823,1.0,1.0,1.0,1.0,1.0,1.0,1.0,1.0,1.0,1.0,1.0,0.984375,0.9734375,0.9703125,0.959375,0.975,0.9421875,0.915625,1.0,1.0,0.08437499999999998,-1.0126410177250464,-1.6576892633543636,-0.31562500000000004,True,13215.69916507788
0,40,-1.4607632102,-2.4101781292,0,0.034612804527997795,0.0038888560788440693,1.0000000000000004e-06,nan,0.03202556050829589,0.0038888114522676914,0.9646093749999999,0.74375,0.00253785747809161,0.04537768870126456,0.003888863604515791,0.03668811172246933,0.07900749146938324,1.0,1.0,1.0,1.0,1.0,1.0,1.0,1.0,1.0,1.0,1.0,0.90625,0.9515625,0.95,0.8875,0.9203125,0.9328125,0.74375,1.0,1.0,0.25625,-1.343157628544739,-2.410177288748898,-0.14375000000000004,True,13215.69916507788
0,41,-1.2579535494,-2.4500211898,0,0.05521364906262028,0.003547960778492938,1.0000000000000004e-06,nan,0.0513382350794971,0.0035479352944996208,0.9532812500000001,0.6859375,0.0031587058666627853,0.06952341245487333,0.0035479676444083452,0.032797180116176605,0.09156093001365662,1.0,1.0,1.0,1.0,1.0,1.0,1.0,1.0,0.996875,1.0,1.0,0.971875,0.921875,0.871875,0.890625,0.834375,0.915625,0.6859375,1.0,0.9765625,0.3140625,-1.1578689193276654,-2.4500203493586277,-0.0859375,True,13215.69916507788
0,42,-1.1402787626,-2.6252080038,0,0.07239711121900294,0.002370238216507989,1.0000000000000004e-06,nan,0.06716653795167804,0.002370234611351043,0.945546875,0.7546875,0.003511661824595648,0.08665499478578567,0.0023702464532107115,0.012025122530758381,0.10229150205850601,1.0,1.0,1.0,1.0,1.0,1.0,1.0,1.0,0.996875,0.9921875,0.9984375,0.9515625,0.89375,0.7921875,0.8015625,0.821875,0.9078125,0.7546875,1.0,1.0,0.24531250000000004,-1.0622063995353228,-2.625206494620816,-0.15468749999999998,True,13215.69916507788
0,43,-1.151129782,-2.5054944462,0,0.07061065139631467,0.0031225223371968785,1.0000000000000004e-06,nan,0.06527219378873705,0.0031225019276607782,0.95078125,0.709375,0.0032345482030359564,0.08790348926559091,0.003122529713436961,0.02555146999657154,0.09701477736234665,1.0,1.0,1.0,1.0,1.0,1.0,1.0,1.0,1.0,0.9984375,0.9953125,0.953125,0.9203125,0.8171875,0.8453125,0.8515625,0.925,0.709375,1.0,1.0,0.290625,-1.0559938855779245,-2.505493420265176,-0.109375,True,13215.69916507788
0,44,-1.9955464031,-2.3264570152,0,0.010103075462796015,0.004715665428297822,0.008167532999862672,nan,0.010157728841621428,0.004715595738496631,0.95859375,0.4859375,0.0027330329385586083,0.016353023560950534,0.0047156717628240585,0.03642769530415535,0.05265361815690994,1.0,1.0,1.0,1.0,1.0,1.0,1.0,1.0,1.0,1.0,1.0,0.984375,0.9484375,0.946875,0.9109375,0.95625,0.940625,0.4859375,1.0,0.9984375,0.5140625,-1.7864019375336024,-2.3264564318541634,0.11406249999999996,False,13215.69916507788
0,45,-1.4026707095,-2.4889531793,0,0.0395666508349194,0.0032437458584773323,1.0000000000000004e-06,nan,0.0371028446380049,0.0032437410801649095,0.9403906249999998,0.578125,0.003667386617235025,0.05006659329868853,0.003243753220885992,0.024555759504437447,0.08469108492136002,1.0,1.0,1.0,1.0,1.0,1.0,1.0,1.0,1.0,1.0,0.996875,0.9390625,0.8625,0.8078125,0.871875,0.8375,0.925,0.578125,1.0,0.9890625,0.421875,-1.3004519584695835,-2.488952193574382,0.021874999999999978,False,13215.69916507788
0,46,-1.9559654242,-2.6921197489,0,0.011067118899668705,0.002031796702062419,0.004540562846466527,nan,0.011258554846420884,0.002031804446084425,0.8899218750000001,0.475,0.005645731439581141,0.016096915184753015,0.002031804993748665,0.0036917892284691334,0.06301823258399963,1.0,1.0,1.0,1.0,1.0,1.0,1.0,1.0,0.9953125,0.9984375,0.9890625,0.934375,0.759375,0.6890625,0.7328125,0.80625,0.9203125,0.475,0.9796875,0.51875,0.525,-1.793257344254061,-2.692117976606085,0.125,False,13215.69916507788
0,47,-2.2067763366,-2.2036135215,0,0.006211888666043772,0.006257292813292879,0.05558295423174102,nan,0.006234430042561144,0.006257125815469771,0.9371875,0.496875,0.0038946886989651834,0.010730615137727,0.006257300265133381,0.06272977590560913,0.04379396140575409,1.0,1.0,1.0,1.0,1.0,1.0,0.9890625,1.0,0.965625,0.9875,0.996875,0.940625,0.925,0.659375,0.940625,0.909375,0.9328125,0.496875,1.0,1.0,0.503125,-1.969375381178222,-2.2036130043062103,0.10312499999999997,False,13215.69916507788
1,24,-1.5225994179,-1.8133377593,0,0.030019301459950333,0.015369588526221313,1.0000000000000004e-06,nan,0.026856591096147894,0.015366245689429342,0.9745312499999998,0.74375,0.0019586427124522743,0.04538831885438412,0.015369067899882793,0.3778492510318756,0.06609056144952774,1.0,1.0,1.0,1.0,1.0,1.0,1.0,1.0,1.0,0.996875,0.99375,0.953125,0.94375,0.990625,0.95625,0.98125,0.93125,0.74375,1.0,1.0,0.25625,-1.3430559028659956,-1.813352470705364,-0.14375000000000004,True,12711.19665099401
1,25,-2.4386196484,-2.1010194401,0,0.0036423388961053975,0.007924658569127831,0.11597745716022427,nan,0.003633315509557724,0.007924555677361786,0.959921875,0.7390625,0.0027855144983914217,0.005898115430609323,0.007924709469079971,0.09013480693101883,0.03847942501306534,1.0,1.0,1.0,1.0,1.0,1.0,1.0,1.0,1.0,0.9984375,0.9921875,0.953125,0.878125,0.8921875,0.859375,0.9453125,0.940625,0.7390625,1.0,1.0,0.26093750000000004,-2.2292867322274015,-2.1010166506607795,-0.13906249999999998,True,12711.19665099401
1,26,-1.0845979646,-2.3730904616,0,0.08230041694591929,0.004235547322727253,1.0000000000000004e-06,nan,0.07461818244829774,0.004235264538694173,0.9608593749999998,0.728125,0.0027939455863088374,0.10103550104424358,0.004235072992742062,0.050505515187978745,0.09607227891683578,1.0,1.0,1.0,1.0,1.0,1.0,1.0,0.984375,1.0,1.0,1.0,0.940625,0.928125,0.915625,0.875,0.9296875,0.915625,0.728125,1.0,1.0,0.271875,-0.9955260004887525,-2.373139100074263,-0.12812500000000004,True,12711.19665099401
1,27,-1.1486218573,-2.566583094,0,0.07101958704666728,0.0027127945610622263,1.0000000000000004e-06,nan,0.06580659545361996,0.002712793391011655,0.953828125,0.7234375,0.003332671096213744,0.08511391639709473,0.002712802728638053,0.015242034569382668,0.10278216749429703,1.0,1.0,1.0,1.0,1.0,1.0,1.0,1.0,1.0,1.0,1.0,0.9578125,0.9078125,0.8890625,0.8328125,0.85625,0.909375,0.7234375,1.0,1.0,0.27656250000000004,-1.0699994255752499,-2.5665817864001803,-0.12343749999999998,True,12711.19665099401
1,28,-1.3681443927,-2.160561924,0,0.04284060618169904,0.006909364049418078,1.0000000000000004e-06,nan,0.038040025276318196,0.006908298920281232,0.975234375,0.7375,0.002015122924931347,0.05727768003940582,0.006907814648002386,0.12789522111415863,0.07189127802848816,1.0,1.0,1.0,1.0,1.0,1.0,1.0,1.0,0.99375,1.0,1.0,0.9828125,0.965625,0.9734375,0.95,0.978125,0.9234375,0.7375,1.0,1.0,0.26249999999999996,-1.2420145808972802,-2.160659324033028,-0.13750000000000007,True,12711.19665099401
1,29,-1.0613433652,-2.5704011647,0,0.08682736767134704,0.0026890497381651815,1.0000000000000004e-06,nan,0.080353195117414,0.0026890413474757223,0.936796875,0.7421875,0.003472284952367772,0.10115391774103046,0.0026889098808169365,0.016314338892698288,0.10458891838788986,1.0,1.0,1.0,1.0,1.0,1.0,1.0,1.0,1.0,1.0,1.0,0.9328125,0.759375,0.7859375,0.8203125,0.765625,0.9296875,0.7421875,1.0,1.0,0.2578125,-0.9950172921283563,-2.5704237529718537,-0.14218750000000002,True,12711.19665099401
1,30,-1.2579535494,-2.3983896811,0,0.05521364906262028,0.00399586050716174,1.0000000000000004e-06,nan,0.05117920250669122,0.00399581267554313,0.9577343749999999,0.684375,0.0029694340607966294,0.07078894817270338,0.003995867446064949,0.04316789284348488,0.08926299959421158,1.0,1.0,1.0,1.0,1.0,1.0,1.0,0.9984375,0.9984375,1.0,1.0,0.8875,0.925,0.934375,0.88125,0.953125,0.9,0.684375,1.0,0.9921875,0.31562500000000004,-1.1500345406473407,-2.3983889269519043,-0.08437499999999998,True,12711.19665099401
1,31,-1.6539739224,-2.3942574657,0,0.022183296172692487,0.004034061681318158,1.0000000000000004e-06,nan,0.0210233414594084,0.004033994555659592,0.958671875,0.7609375,0.002762424030006514,0.03188338896492496,0.004034068901091814,0.03229166567325592,0.06903643161058426,1.0,1.0,1.0,1.0,1.0,1.0,1.0,1.0,1.0,1.0,1.0,0.975,0.903125,0.859375,0.8796875,0.8671875,0.93125,0.7609375,1.0,0.996875,0.23906249999999996,-1.4964355225788615,-2.3942566883968213,-0.16093750000000007,True,12711.19665099401
1,32,-2.0594776001,-2.2228404799,0,0.00872011876549647,0.005986314371535169,0.015176534905581861,nan,0.008691574540361763,0.005986129396315664,0.9724218749999999,0.665625,0.0022151095505978445,0.014206363242119551,0.005986321717500687,0.06292892247438431,0.04907296970486641,1.0,1.0,1.0,1.0,1.0,1.0,1.0,1.0,1.0,1.0,1.0,0.9875,0.9703125,0.978125,0.94375,0.978125,0.925,0.665625,1.0,1.0,0.334375,-1.8475170850580722,-2.222839946971139,-0.06562500000000004,True,12711.19665099401
1,33,-1.4375702487,-1.563638324,0,0.03651150638179094,0.027312513940240226,1.0000000000000004e-06,nan,0.03161609182469547,0.02634063944667578,0.9903124999999999,0.9359375,0.0011265069345245138,0.05309493469074369,0.026460018008947372,0.6898590922355652,0.0736422911286354,1.0,1.0,1.0,1.0,1.0,1.0,1.0,1.0,1.0,1.0,0.9984375,0.9859375,0.9921875,0.9796875,0.98125,0.978125,0.9546875,0.9359375,1.0,1.0,0.06406250000000002,-1.2749469090652177,-1.5774098645633399,-0.3359375,True,12711.19665099401
1,34,-2.2870424009,-1.784357276,0,0.005163659531903151,0.016430195234694935,0.056833381365123656,nan,0.005169368444941938,0.016429014979675412,0.97234375,0.665625,0.002091536139814707,0.008934404551400803,0.01643032394349575,0.3459711968898773,0.042007386684417725,1.0,1.0,1.0,1.0,1.0,1.0,1.0,1.0,0.9984375,1.0,1.0,0.978125,0.9734375,0.9828125,0.9234375,0.98125,0.94375,0.665625,1.0,1.0,0.334375,-2.048934386488848,-1.7843538738451734,-0.06562500000000004,True,12711.19665099401
1,35,-2.4860671917,-2.6158887074,0,0.003265373081665133,0.002421649541064158,0.16513816644254042,nan,0.003270544666610658,0.0024216541327536107,0.9041406249999999,0.50625,0.005388653074260218,0.004872070292476565,0.0024216575548052788,0.004656862933188677,0.04123874008655548,1.0,1.0,1.0,1.0,1.0,1.0,1.0,1.0,1.0,1.0,1.0,0.903125,0.85,0.8171875,0.8,0.7890625,0.921875,0.50625,0.9859375,0.509375,0.49375,-2.3122864544855117,-2.6158872701827587,0.09375,False,12711.19665099401
1,36,-1.7250579896,-2.6972676726,0,0.01883397589979635,0.0020078549121252615,1.0000000000000004e-06,nan,0.01828452167864889,0.0020078558214008807,0.94765625,0.7671875,0.0032592803771331084,0.02521942652063444,0.002007863251492381,0.007766543887555599,0.07840897887945175,1.0,1.0,1.0,1.0,1.0,1.0,1.0,1.0,1.0,0.996875,0.9953125,0.934375,0.85625,0.8140625,0.775,0.89375,0.9203125,0.7671875,1.0,1.0,0.23281249999999998,-1.59826479332819,-2.697265868790272,-0.16718750000000004,True,12711.19665099401
1,37,-1.0428443933,-2.359403954,0,0.09060571809990556,0.004371153382206076,1.0000000000000004e-06,nan,0.08180772499293089,0.00437081852061674,0.9676562499999999,0.825,0.0026126543361897347,0.11372026521712542,0.0043711611069738865,0.0535079650580883,0.09945885837078094,1.0,1.0,1.0,1.0,1.0,1.0,1.0,1.0,1.0,1.0,0.9984375,0.9359375,0.903125,0.9171875,0.9140625,0.9421875,0.921875,0.825,1.0,0.9953125,0.17500000000000004,-0.944162136123701,-2.3594031865141583,-0.22499999999999998,True,12711.19665099401
1,38,-1.0649353273,-1.7032269927,0,0.086112197614319,0.019804916114550198,1.0000000000000004e-06,nan,0.07058871858119965,0.019798880375549197,0.9829687499999998,0.884375,0.0015095028578070925,0.11515471689403058,0.019798530265688896,0.540395200252533,0.08809389173984528,1.0,1.0,1.0,1.0,1.0,1.0,1.0,1.0,1.0,1.0,0.9984375,0.98125,0.9703125,0.9734375,0.9515625,0.9671875,0.9328125,0.884375,1.0,1.0,0.11562499999999998,-0.9387182680419687,-1.7033670481825316,-0.28437500000000004,True,12711.19665099401
1,39,-1.879628292,-1.5800081517,0,0.0131938550334325,0.026302186223800622,1.0000000000000004e-06,nan,0.012539989555627108,0.026298671692982317,0.97921875,0.8578125,0.0016772781425970606,0.02187944754958153,0.02630189247429371,0.6565716862678528,0.05420093238353729,1.0,1.0,1.0,1.0,1.0,1.0,1.0,1.0,1.0,1.0,0.9984375,0.9828125,0.9515625,0.94375,0.946875,0.9765625,0.9265625,0.8578125,1.0,1.0,0.14218750000000002,-1.65996364802404,-1.580013002020743,-0.2578125,True,12711.19665099401
1,40,-2.3300960367,-2.1318442296,0,0.00467631721252776,0.007381689451619137,0.08924978872544427,nan,0.004691407446423546,0.007381419068854302,0.944609375,0.4703125,0.003163874834535818,0.007436015447601676,0.007381696254014969,0.07964154332876205,0.04139059782028198,1.0,1.0,1.0,1.0,1.0,1.0,1.0,1.0,1.0,1.0,1.0,0.98125,0.9625,0.9703125,0.9546875,0.975,0.934375,0.4703125,1.0,0.64375,0.5296875,-2.128659716694491,-2.13184382935429,0.12968749999999996,False,12711.19665099401
1,41,-1.2808722574,-1.9159007934,0,0.052375447014954786,0.012136660585860772,1.0000000000000004e-06,nan,0.04522382780499756,0.01213405413106084,0.9745312500000001,0.703125,0.0020671355762897294,0.07339883097447455,0.012135932222008705,0.28702512383461,0.07530708611011505,1.0,1.0,1.0,1.0,1.0,1.0,1.0,1.0,0.99375,0.9984375,1.0,0.990625,0.975,0.98125,0.95625,0.9734375,0.928125,0.703125,1.0,0.990625,0.296875,-1.1343108570509317,-1.9159268577066433,-0.10312500000000002,True,12711.19665099401
1,42,-1.707479301,-1.8095997656,0,0.019611946462903783,0.015502446254653633,1.0000000000000004e-06,nan,0.018188352771662177,0.015499979320541025,0.9797656250000001,0.83125,0.0017110524796225945,0.03090733173536137,0.015502219088375568,0.37124693393707275,0.05885278061032295,1.0,1.0,1.0,1.0,1.0,1.0,1.0,1.0,1.0,1.0,1.0,0.975,0.975,0.946875,0.9546875,0.9796875,0.9328125,0.83125,1.0,1.0,0.16874999999999996,-1.5099384864484444,-1.8096061296455004,-0.23125000000000007,True,12711.19665099401
1,43,-1.4396530434,-1.8131137623,0,0.03633682326738978,0.015377517773717393,1.0000000000000004e-06,nan,0.03175543575584888,0.01537393963765353,0.975625,0.8203125,0.00206074972076749,0.05469413903541863,0.01537301018834114,0.37875306606292725,0.06774801760911942,1.0,1.0,1.0,1.0,1.0,1.0,1.0,1.0,1.0,1.0,1.0,0.965625,0.93125,0.95625,0.940625,0.965625,0.9328125,0.8203125,1.0,1.0,0.1796875,-1.2620592096985943,-1.8132410849930514,-0.22031250000000002,True,12711.19665099401
1,44,-1.2295983184,-2.1941594792,0,0.05893885323409591,0.006394999587599467,1.0000000000000004e-06,nan,0.052035500817745925,0.006394153598882258,0.971640625,0.7265625,0.0022785810750792735,0.07799128266051411,0.0063950116746127605,0.11200980097055435,0.08154673129320145,1.0,1.0,1.0,1.0,1.0,1.0,1.0,1.0,0.9984375,1.0,1.0,0.9765625,0.9421875,0.9578125,0.9390625,0.9671875,0.925,0.7265625,1.0,1.0,0.2734375,-1.1079539371045,-2.1941586583447843,-0.12656250000000002,True,12711.19665099401
1,45,-1.4674465995,-2.3492406964,0,0.03408422318812068,0.0044746523946110625,1.0000000000000004e-06,nan,0.03154846869707108,0.004474568510334939,0.97109375,0.7609375,0.00239526053010195,0.04642194732092321,0.004474659450352192,0.04808517172932625,0.07837274670600891,1.0,1.0,1.0,1.0,1.0,1.0,1.0,1.0,1.0,1.0,0.9984375,0.959375,0.9484375,0.9625,0.9140625,0.9453125,0.9328125,0.7609375,1.0,1.0,0.23906249999999996,-1.3332766455907186,-2.3492400116242096,-0.16093750000000007,True,12711.19665099401
1,46,-2.0807028354,-1.742662596,0,0.008304187845058195,0.018085786675814956,0.006495201764670453,nan,0.008240195214375854,0.01808303794041276,0.9639843749999999,0.6140625,0.0024113667839992556,0.013763328875647858,0.018085796386003494,0.4163602888584137,0.046590257436037064,1.0,1.0,1.0,1.0,1.0,1.0,1.0,1.0,0.9953125,1.0,0.9984375,0.9640625,0.959375,0.9125,0.9421875,0.9625,0.93125,0.6140625,1.0,1.0,0.38593750000000004,-1.8612765125048187,-1.7426623628530513,-0.014062499999999978,True,12711.19665099401
1,47,-1.4206870074,-1.6377099156,0,0.03795884528500286,0.023029795654039325,1.0000000000000004e-06,nan,0.0327723346747458,0.023024614756554367,0.9889843749999999,0.9296875,0.0012130446712762932,0.053618336040526626,0.023023439571261406,0.6041666865348816,0.07368598878383636,1.0,1.0,1.0,1.0,1.0,1.0,1.0,1.0,1.0,1.0,1.0,0.9875,0.9875,0.9828125,0.9515625,0.9859375,0.9546875,0.9296875,1.0,1.0,0.0703125,-1.2706866677800397,-1.637829794727437,-0.3296875,True,12711.19665099401
1,0,-2.114266928,-1.5345892978,0,0.00768657859233903,0.02920187262010908,0.005385371647396939,nan,0.007607294519525022,0.027452089096978306,0.9780468750000001,0.740625,0.0016632052281784129,0.013655195387545973,0.02762056700885296,0.6677696108818054,0.04821915924549103,1.0,1.0,1.0,1.0,1.0,1.0,1.0,1.0,1.0,1.0,1.0,0.9859375,0.9703125,0.975,0.9578125,0.9734375,0.9578125,0.740625,1.0,1.0,0.259375,-1.8647020813077733,-1.5587674102509266,-0.140625,True,12909.631002105772
1,1,-2.2194612461,-2.4430436236,0,0.006033075411159896,0.0036054242579382357,0.056820225450607005,nan,0.006036120939999819,0.003605422370415181,0.9158593749999999,0.534375,0.004380283057289489,0.009411630654358304,0.003605431644245982,0.016881126910448074,0.04683704674243927,1.0,1.0,1.0,1.0,1.0,1.0,1.0,1.0,1.0,1.0,1.0,0.9421875,0.8453125,0.9125,0.765625,0.8625,0.91875,0.5359375,1.0,0.534375,0.46562499999999996,-2.0263351244116015,-2.4430427338593157,0.06562499999999993,False,12909.631002105772
1,2,-1.66844817,-2.02961644,0,0.02145615164776003,0.009340788960652718,1.0000000000000004e-06,nan,0.020033806888200344,0.009339166354760528,0.9609375,0.478125,0.0024874227894179056,0.033497369249816986,0.009340707212686539,0.18121936917304993,0.06266850233078003,1.0,1.0,1.0,1.0,1.0,1.0,1.0,1.0,1.0,1.0,0.9984375,0.9796875,0.959375,0.9703125,0.9484375,0.959375,0.925,0.478125,1.0,1.0,0.521875,-1.4749892993855749,-2.029620240799905,0.12187499999999996,False,12909.631002105772
1,3,-1.1219279618,-2.4980410971,0,0.07552174883439491,0.003176573458410039,1.0000000000000004e-06,nan,0.07025478847399354,0.003176537253148854,0.950234375,0.7296875,0.003277303886497976,0.09168214725330472,0.003176580648869276,0.02711397036910057,0.09788510948419571,1.0,1.0,1.0,1.0,1.0,1.0,1.0,1.0,1.0,1.0,1.0,0.934375,0.9234375,0.7984375,0.8390625,0.8640625,0.915625,0.7296875,1.0,1.0,0.27031249999999996,-1.037715223808829,-2.498040114068914,-0.12968750000000007,True,12909.631002105772
1,4,-1.5298885156,-1.7132350712,0,0.029519669061178987,0.019353741176421975,1.0000000000000004e-06,nan,0.026137016685679554,0.019350766020268202,0.9821875,0.8171875,0.0015153455790277806,0.04376205451320857,0.01934775523841381,0.487837016582489,0.06731266528367996,1.0,1.0,1.0,1.0,1.0,1.0,1.0,1.0,1.0,1.0,1.0,0.971875,0.9875,0.984375,0.9671875,0.9796875,0.9359375,0.8171875,1.0,1.0,0.18281250000000004,-1.3589022972138296,-1.7133694153542167,-0.21718749999999998,True,12909.631002105772
1,5,-1.5495512602,-1.671072228,0,0.02821296563059689,0.021326901933197064,1.0000000000000004e-06,nan,0.02500668502859771,0.02132148405201733,0.983359375,0.8421875,0.0015171093456228847,0.04225718307774514,0.021318668499588966,0.5427849292755127,0.06811966747045517,1.0,1.0,1.0,1.0,1.0,1.0,1.0,0.996875,1.0,1.0,1.0,0.99375,0.9859375,0.9578125,0.9640625,0.978125,0.9484375,0.8421875,1.0,1.0,0.15781250000000002,-1.3740994569894844,-1.6712399235356665,-0.2421875,True,12909.631002105772
1,6,-1.0539765723,-2.2864251181,0,0.08831275388762024,0.0051710040973772025,1.0000000000000004e-06,nan,0.07771741158291698,0.0051702238550409675,0.97265625,0.7375,0.002268895646557212,0.11151340994983912,0.0051704938523471355,0.08146446198225021,0.09229428321123123,1.0,1.0,1.0,1.0,1.0,1.0,1.0,1.0,1.0,1.0,1.0,0.98125,0.9421875,0.9671875,0.946875,0.9546875,0.9234375,0.7375,1.0,1.0,0.26249999999999996,-0.9526729037635191,-2.2864679739068,-0.13750000000000007,True,12909.631002105772
1,7,-1.7525248074,-1.7238781334,0,0.017679712262424655,0.01888521209437705,1.0000000000000004e-06,nan,0.016440124759823083,0.018881766100227834,0.9846093750000001,0.9171875,0.001432125788196572,0.026719807016197594,0.018878214061260223,0.46550244092941284,0.056487247347831726,1.0,1.0,1.0,1.0,1.0,1.0,1.0,1.0,1.0,1.0,1.0,0.9859375,0.9640625,0.9828125,0.953125,0.95625,0.9328125,0.9171875,1.0,1.0,0.08281249999999996,-1.573166682876999,-1.7240390937258077,-0.31718750000000007,True,12909.631002105772
1,8,-2.0890376038,-2.4851168456,0,0.008146337451103564,0.0032725263672648275,0.018955638512269026,nan,0.008168983068689704,0.0032725291359238327,0.9214843749999998,0.49375,0.0040605811262867065,0.012409823324996978,0.0032725343480706215,0.014322916977107525,0.05386023223400116,1.0,1.0,1.0,1.0,1.0,1.0,1.0,1.0,1.0,0.9984375,0.9984375,0.9234375,0.865625,0.8640625,0.8359375,0.8984375,0.9296875,0.621875,1.0,0.49375,0.50625,-1.9062344013800039,-2.485115786458108,0.10624999999999996,False,12909.631002105772
1,9,-2.3571761436,-2.0997563516,0,0.004393633798235285,0.007947739947963162,0.08672152858320206,nan,0.004373650532215834,0.007947591465339065,0.975234375,0.7421875,0.0021057589144402302,0.007133610844612122,0.007947643287479877,0.08921568840742111,0.04140559583902359,1.0,1.0,1.0,1.0,1.0,1.0,1.0,1.0,1.0,1.0,1.0,0.9734375,0.9421875,0.9640625,0.96875,0.971875,0.9421875,0.7421875,1.0,1.0,0.2578125,-2.1466905861453194,-2.0997616334791385,-0.14218750000000002,True,12909.631002105772
1,10,-1.4109269727,-2.4101781292,0,0.03882156396147238,0.0038888560788440693,1.0000000000000004e-06,nan,0.03605353384912014,0.0038887997300364077,0.971015625,0.734375,0.002234328579324938,0.05008396567776799,0.00388886290602386,0.038434434682130814,0.08200032263994217,1.0,1.0,1.0,1.0,1.0,1.0,1.0,1.0,1.0,1.0,1.0,0.9640625,0.95,0.965625,0.9328125,0.959375,0.915625,0.734375,1.0,0.9984375,0.265625,-1.30030129074442,-2.410177366754004,-0.13437500000000002,True,12909.631002105772
1,11,-1.123572227,-2.2165286807,0,0.07523635950187935,0.006073951492659099,1.0000000000000004e-06,nan,0.0660945152707398,0.006072941032983363,0.9719531250000001,0.7375,0.0023477246784750607,0.09693410066887737,0.006073355209082365,0.10545343160629272,0.08994496613740921,1.0,1.0,1.0,1.0,1.0,1.0,1.0,1.0,1.0,1.0,0.9984375,0.978125,0.928125,0.971875,0.95,0.9546875,0.9203125,0.7375,1.0,1.0,0.26249999999999996,-1.0135234146206245,-2.2165713177852107,-0.13750000000000007,True,12909.631002105772
1,12,-1.0232842575,-2.3690137933,0,0.09477979007875165,0.004275493068296763,1.0000000000000004e-06,nan,0.08588880816847086,0.004275162012130022,0.968046875,0.78125,0.002547335788694909,0.11895261591300368,0.004275500308722258,0.04986213147640228,0.0989307165145874,1.0,1.0,1.0,1.0,1.0,1.0,1.0,1.0,1.0,1.0,0.9984375,0.978125,0.9234375,0.9453125,0.8984375,0.9484375,0.90625,0.78125,1.0,0.98125,0.21875,-0.9246260028567217,-2.3690130578705544,-0.18125000000000002,True,12909.631002105772
1,13,-1.9305470872,-1.6861693111,0,0.01173418450763545,0.020598267267254906,1.0000000000000004e-06,nan,0.011343721001502126,0.020594844313710926,0.9796093749999999,0.78125,0.0016439311975409512,0.01910497828386724,0.02059050276875496,0.5036764740943909,0.05092962086200714,1.0,1.0,1.0,1.0,1.0,1.0,1.0,1.0,1.0,1.0,1.0,0.9828125,0.9796875,0.953125,0.9796875,0.9890625,0.9265625,0.78125,1.0,1.0,0.21875,-1.718853451626553,-1.6863330488637485,-0.18125000000000002,True,12909.631002105772
1,14,-1.1880640806,-1.6648592712,0,0.06485387339124869,0.021634194449110078,1.0000000000000004e-06,nan,0.053786181299388405,0.02162816870957613,0.98125,0.88125,0.0015941724376170897,0.0858843643590808,0.021622339263558388,0.5778799057006836,0.08267796784639359,1.0,1.0,1.0,1.0,1.0,1.0,1.0,1.0,1.0,1.0,0.9984375,0.9875,0.8953125,0.9734375,0.9625,0.9796875,0.946875,0.88125,1.0,1.0,0.11875000000000002,-1.0660858942671627,-1.665097322672357,-0.28125,True,12909.631002105772
1,15,-1.5298885156,-1.6444061942,0,0.029519669061178987,0.02267742847083783,1.0000000000000004e-06,nan,0.0260188993178308,0.022672895470261575,0.985703125,0.8734375,0.0014028975956898648,0.04405612020753324,0.022674422711133957,0.5828431248664856,0.0689532607793808,1.0,1.0,1.0,1.0,1.0,1.0,1.0,1.0,1.0,1.0,1.0,0.984375,0.9734375,0.9734375,0.9734375,0.9859375,0.95,0.8734375,1.0,1.0,0.12656250000000002,-1.3559937515486291,-1.6444637612275377,-0.2734375,True,12909.631002105772
1,16,-1.3260795811,-1.8522908711,0,0.04719765472675375,0.014051061314789164,1.0000000000000004e-06,nan,0.04087457486987114,0.014047738933935761,0.979765625,0.8125,0.0017666524070227754,0.0651431860588491,0.014044597744941711,0.34650734066963196,0.07428205013275146,1.0,1.0,1.0,1.0,1.0,1.0,1.0,1.0,1.0,1.0,1.0,0.978125,0.953125,0.9875,0.9515625,0.975,0.9375,0.8125,1.0,1.0,0.1875,-1.186131004537809,-1.8524906950280053,-0.21250000000000002,True,12909.631002105772
1,17,-1.2085953606,-1.6488595255,0,0.06185924846493068,0.02244607835006573,1.0000000000000004e-06,nan,0.05161796115338802,0.022440799387544393,0.985,0.8640625,0.001393895071596489,0.08651805149391294,0.02243935875594616,0.5982536673545837,0.08365799486637115,1.0,1.0,1.0,1.0,1.0,1.0,1.0,1.0,1.0,1.0,1.0,0.9734375,0.978125,0.98125,0.9765625,0.9828125,0.94375,0.8640625,1.0,1.0,0.13593750000000004,-1.0628932700347327,-1.6489895579654863,-0.2640625,True,12909.631002105772
1,18,-1.1508753323,-2.5314563845,0,0.07065203373925094,0.0029413290721594086,1.0000000000000004e-06,nan,0.0655118540301919,0.0029413270672317593,0.9465625,0.7390625,0.003487937718527974,0.08485715551301837,0.0029413574375212193,0.020235907286405563,0.1017913669347763,1.0,1.0,1.0,1.0,1.0,1.0,1.0,1.0,1.0,1.0,0.9984375,0.9140625,0.8765625,0.8515625,0.78125,0.859375,0.9109375,0.7390625,1.0,1.0,0.26093750000000004,-1.0713115302609497,-2.531452196264558,-0.13906249999999998,True,12909.631002105772
1,19,-1.7892072028,-2.234113956,0,0.016247733879202135,0.005832920321906614,1.0000000000000004e-06,nan,0.01564343237411231,0.005832584704551846,0.969375,0.7390625,0.002489825420052512,0.02441161195980385,0.005832926370203495,0.07210478186607361,0.059126581996679306,1.0,1.0,1.0,1.0,1.0,1.0,1.0,1.0,0.996875,1.0,1.0,0.940625,0.9421875,0.928125,0.946875,0.9625,0.93125,0.7390625,1.0,1.0,0.26093750000000004,-1.6124035420849079,-2.2341135056917314,-0.13906249999999998,True,12909.631002105772
1,20,-1.2505781324,-2.108340103,0,0.056159323503710674,0.007792196519941602,1.0000000000000004e-06,nan,0.04927701148837805,0.007790625006519258,0.9734375,0.7453125,0.0022419113519572416,0.07520971348509192,0.007792119402438402,0.1597273349761963,0.08169116824865341,1.0,1.0,1.0,1.0,1.0,1.0,1.0,1.0,1.0,1.0,0.9984375,0.9765625,0.9265625,0.9546875,0.959375,0.98125,0.9265625,0.7453125,1.0,1.0,0.25468749999999996,-1.1237260657840353,-2.108344401172714,-0.14531250000000007,True,12909.631002105772
1,21,-1.0966445762,-1.9546473962,0,0.0800489102037403,0.0111007572037044,1.0000000000000004e-06,nan,0.06880368749424816,0.011097888818010687,0.9742968750000001,0.715625,0.0020741457754775185,0.10711374662816525,0.011092277243733406,0.2751072347164154,0.09020816534757614,1.0,1.0,1.0,1.0,1.0,1.0,1.0,1.0,1.0,1.0,1.0,0.9921875,0.9609375,0.9734375,0.9546875,0.9859375,0.9046875,0.715625,1.0,0.9984375,0.28437500000000004,-0.9701547896569401,-1.9549792840708418,-0.11562499999999998,True,12909.631002105772
1,22,-1.3839135492,-2.620528195,0,0.04131297315357433,0.0023959171983010557,1.0000000000000004e-06,nan,0.03874372048974037,0.0023959246206562966,0.9415625000000002,0.725,0.003597824366443092,0.05152638787403703,0.0023959253448992968,0.012071078643202782,0.09073314815759659,1.0,1.0,1.0,1.0,1.0,1.0,1.0,1.0,1.0,0.9984375,0.996875,0.9453125,0.8828125,0.7375,0.8015625,0.83125,0.9125,0.725,1.0,1.0,0.275,-1.287970301578478,-2.6205267183375685,-0.125,True,12909.631002105772
1,23,-1.1322265336,-2.3979458762,0,0.07375194301483369,0.003999945958814443,1.0000000000000004e-06,nan,0.06774279755055905,0.003999807751365006,0.9574999999999999,0.6796875,0.002968453790163039,0.09253577627241612,0.003999954089522362,0.04416360333561897,0.09524669498205185,1.0,1.0,1.0,1.0,1.0,1.0,1.0,1.0,1.0,1.0,1.0,0.953125,0.9375,0.9109375,0.846875,0.915625,0.90625,0.6796875,1.0,1.0,0.3203125,-1.0336903274365723,-2.397944993367419,-0.07968750000000002,True,12909.631002105772
2,0,-1.777210363,-2.3942574657,0,0.01670281369486192,0.004034061681318158,1.0000000000000004e-06,nan,0.016162139061279595,0.004034038348682225,0.967578125,0.74375,0.002555786891898606,0.024660837901756168,0.004034068435430527,0.027726715430617332,0.06254268437623978,1.0,1.0,1.0,1.0,1.0,1.0,1.0,1.0,1.0,1.0,0.9984375,0.978125,0.959375,0.9125,0.903125,0.9234375,0.9328125,0.74375,1.0,1.0,0.25625,-1.6079921714577665,-2.394256738528374,-0.14375000000000004,True,13282.701111202128
2,1,-1.9568198188,-2.6711428227,0,0.011045367779696155,0.002132343552233433,0.007822718555986836,nan,0.011211074072681368,0.0021323509029112756,0.9249218750000001,0.6015625,0.004654699485690798,0.016233249189099297,0.00213235174305737,0.004656862933188677,0.0630657896399498,1.0,1.0,1.0,1.0,1.0,1.0,1.0,1.0,0.9953125,0.996875,1.0,0.93125,0.84375,0.809375,0.8234375,0.8265625,0.9203125,0.6015625,1.0,0.75,0.3984375,-1.7895945446428865,-2.6711411544912123,-0.0015625000000000222,True,13282.701111202128
2,2,-1.9979574921,-1.6796380082,0,0.010047141250406299,0.020910383206500505,1.4219039285659094e-05,nan,0.009817059992812575,0.020907196827605366,0.9717968750000001,0.63125,0.002260227360347926,0.016125049385009332,0.020898832008242607,0.5101103186607361,0.05011975020170212,1.0,1.0,1.0,1.0,1.0,1.0,1.0,1.0,0.9984375,1.0,0.9984375,0.9859375,0.9875,0.9828125,0.9515625,0.9734375,0.9375,0.63125,1.0,0.9890625,0.36875,-1.7924989466087133,-1.679877985015717,-0.03125,True,13282.701111202128
2,3,-1.7474344629,-1.665485717,0,0.01788815449565099,0.0216030108133348,1.0000000000000004e-06,nan,0.016601048130355775,0.021599779560789466,0.9857812499999999,0.8359375,0.0013900958506928875,0.028015716110821813,0.021602990105748177,0.5448222756385803,0.057969506829977036,1.0,1.0,1.0,1.0,1.0,1.0,1.0,1.0,1.0,1.0,1.0,0.990625,0.9890625,0.990625,0.975,0.9953125,0.9390625,0.8359375,1.0,1.0,0.1640625,-1.552598272036194,-1.665486133267919,-0.23593750000000002,True,13282.701111202128
2,4,-1.1880640806,-1.7278601133,0,0.06485387339124869,0.01871284785956869,1.0000000000000004e-06,nan,0.05444035317674279,0.018708021016046406,0.985390625,0.9265625,0.0014425171908078482,0.09163959486410021,0.0187048502266407,0.49699753522872925,0.08090455085039139,1.0,1.0,1.0,1.0,1.0,1.0,1.0,1.0,1.0,1.0,1.0,0.9671875,0.978125,0.9796875,0.9546875,0.9640625,0.9375,0.9265625,1.0,1.0,0.07343750000000004,-1.0379168394812721,-1.7280457649319025,-0.3265625,True,13282.701111202128
2,5,-1.2126910172,-1.6501559875,0,0.06127862090400681,0.022379171916554294,1.0000000000000004e-06,nan,0.051099965880066156,0.02237350685223937,0.978828125,0.834375,0.0016729154722270319,0.08433983351103962,0.022373206913471222,0.5965226888656616,0.08322464674711227,1.0,1.0,1.0,1.0,1.0,1.0,1.0,1.0,1.0,1.0,1.0,0.90625,0.98125,0.98125,0.9578125,0.9734375,0.9421875,0.834375,1.0,1.0,0.16562500000000002,-1.0739672606285795,-1.6502717608741513,-0.234375,True,13282.701111202128
2,6,-1.0972755008,-2.6984014383,0,0.0799327029790064,0.0020026200578154665,1.0000000000000004e-06,nan,0.07455090947896242,0.002002621885947883,0.9270312500000001,0.7296875,0.004373966659222788,0.09676008609123528,0.002002628520131111,0.006602328270673752,0.1105613261461258,1.0,1.0,1.0,1.0,1.0,1.0,1.0,1.0,0.996875,0.9921875,0.9953125,0.875,0.79375,0.740625,0.7859375,0.7296875,0.9234375,0.75,0.9578125,1.0,0.27031249999999996,-1.0143037539011894,-2.698399603187438,-0.12968750000000007,True,13282.701111202128
2,7,-2.1176254041,-2.6869523732,0,0.007627366163918309,0.0020561160670264007,0.07494897116215225,nan,0.007668205707427114,0.0020561240558046845,0.789921875,0.4734375,0.009297132905558102,0.010993417451390996,0.0020561241544783115,0.0029564951546490192,0.053993336856365204,1.0,1.0,0.7890625,1.0,1.0,0.8078125,0.990625,1.0,0.9671875,0.98125,0.9828125,0.640625,0.578125,0.5234375,0.4734375,0.5875,0.765625,0.496875,0.7203125,0.49375,0.5265625,-1.9588672803182117,-2.686950664979829,0.12656249999999997,False,13282.701111202128
2,8,-1.707479301,-2.0974661292,0,0.019611946462903783,0.007989762516428025,1.0000000000000004e-06,nan,0.018655085021071136,0.007988479389064013,0.971953125,0.728125,0.0021360245104006027,0.030117902937345207,0.00798976793885231,0.14249387383460999,0.05940946564078331,1.0,1.0,1.0,1.0,1.0,1.0,1.0,1.0,0.9984375,1.0,0.9984375,0.9953125,0.9078125,0.9609375,0.94375,0.9828125,0.9234375,0.728125,1.0,1.0,0.271875,-1.5211752706667303,-2.0974658344957082,-0.12812500000000004,True,13282.701111202128
2,9,-0.9941086596,-1.6860220129,0,0.10136577389085294,0.02060525469583986,1.0000000000000004e-06,nan,0.08292419743612409,0.020597341537475587,0.9813281250000001,0.865625,0.001611780254934274,0.1334995280764997,0.02059895358979702,0.5651195049285889,0.09337212145328522,1.0,1.0,1.0,1.0,1.0,1.0,1.0,1.0,0.9984375,0.9984375,1.0,0.98125,0.9375,0.9828125,0.95625,0.9671875,0.9390625,0.865625,1.0,1.0,0.13437500000000002,-0.8745202695363672,-1.6861548408793716,-0.265625,True,13282.701111202128
2,10,-1.5399830412,-1.5833452889,0,0.0288414412428128,0.026100853622409454,1.0000000000000004e-06,nan,0.025481308345496653,0.026094630939513443,0.9828125,0.83125,0.0014924839177547255,0.04268406975548714,0.026096826419234276,0.6727021932601929,0.06952828913927078,1.0,1.0,1.0,1.0,1.0,1.0,1.0,1.0,1.0,1.0,1.0,0.9921875,0.9875,0.9796875,0.953125,0.96875,0.94375,0.83125,1.0,1.0,0.16874999999999996,-1.369734179029963,-1.5834123030990839,-0.23125000000000007,True,13282.701111202128
2,11,-1.6851747931,-2.6016906207,0,0.02064549057334703,0.0025021271727140256,1.0000000000000004e-06,nan,0.020129002652317287,0.0025021346115041525,0.936796875,0.5953125,0.003839353347138967,0.028016135841608048,0.002502135233953595,0.010508578270673752,0.07704930752515793,1.0,1.0,1.0,1.0,1.0,1.0,1.0,1.0,1.0,0.9921875,0.996875,0.928125,0.921875,0.81875,0.8015625,0.8578125,0.928125,0.5953125,1.0,0.8953125,0.4046875,-1.552591765495432,-2.6016892215120455,0.004687499999999956,False,13282.701111202128
2,12,-1.0246261622,-1.7032269927,0,0.09448738674387296,0.019804916114550198,1.0000000000000004e-06,nan,0.0772077506430447,0.019798483550176025,0.979765625,0.90625,0.0018178812316182306,0.12429216600954533,0.019797908142209053,0.5435661673545837,0.0899360403418541,1.0,1.0,1.0,1.0,1.0,1.0,1.0,1.0,1.0,1.0,1.0,0.9546875,0.9328125,0.95625,0.959375,0.946875,0.9390625,0.90625,1.0,1.0,0.09375,-0.9055562435710962,-1.7033806951066108,-0.30625,True,13282.701111202128
2,13,-1.4691963184,-1.8161341686,0,0.03394717831273194,0.01527094212997118,1.0000000000000004e-06,nan,0.03001960257180035,0.015267597926780582,0.979296875,0.7484375,0.0016423298932204487,0.04873811543453485,0.015267768874764442,0.37539827823638916,0.06710994243621826,1.0,1.0,1.0,1.0,1.0,1.0,1.0,1.0,1.0,1.0,1.0,0.9796875,0.9765625,0.99375,0.978125,0.9796875,0.9328125,0.7484375,1.0,0.996875,0.2515625,-1.3121312677693864,-1.8162244230728328,-0.1484375,True,13282.701111202128
2,14,-1.3765989261,-1.5817950102,0,0.042014681332536635,0.026194190991069635,1.0000000000000004e-06,nan,0.03583925662003457,0.026107194740697743,0.9856250000000001,0.9125,0.00136703891264915,0.06267164756543935,0.026188986375927925,0.6891237497329712,0.07629472762346268,1.0,1.0,1.0,1.0,1.0,1.0,1.0,1.0,1.0,0.996875,1.0,0.9703125,0.971875,0.984375,0.959375,0.959375,0.9578125,0.9125,1.0,1.0,0.08750000000000002,-1.2029288880481765,-1.5818813102750402,-0.3125,True,13282.701111202128
2,15,-1.0428443933,-2.2261219538,0,0.09060571809990556,0.005941252994276522,1.0000000000000004e-06,nan,0.07880720873698592,0.005940198674984277,0.9702343750000001,0.73125,0.0024701189144252567,0.11744542634114623,0.005940888077020645,0.10591299086809158,0.09347380697727203,1.0,1.0,1.0,1.0,1.0,1.0,1.0,1.0,1.0,1.0,1.0,0.965625,0.9234375,0.975,0.9390625,0.953125,0.9171875,0.73125,1.0,1.0,0.26875000000000004,-0.9301638912190971,-2.226148629409241,-0.13124999999999998,True,13282.701111202128
2,16,-2.4286618988,-1.6260091952,0,0.0037268172861863297,0.02365869604925338,0.09595268621719599,nan,0.0037093537611421197,0.023657235238701106,0.9786718750000001,0.765625,0.0017694700180072686,0.006606342496816069,0.023658711463212967,0.5204350352287292,0.040547795593738556,1.0,1.0,1.0,1.0,1.0,1.0,1.0,1.0,1.0,1.0,1.0,0.9890625,0.953125,0.9734375,0.9671875,0.984375,0.940625,0.765625,1.0,1.0,0.234375,-2.180038914655883,-1.626008912271701,-0.16562500000000002,True,13282.701111202128
2,17,-1.7762464733,-2.2135433763,0,0.016739925725735457,0.006115847163325111,1.0000000000000004e-06,nan,0.01602666579335928,0.006115432736370712,0.971875,0.7375,0.002256431009736843,0.025773842963390053,0.006115852389484644,0.08033088594675064,0.060311209410429,1.0,1.0,1.0,1.0,1.0,1.0,1.0,1.0,0.9984375,0.996875,0.9890625,0.978125,0.95625,0.95,0.93125,0.9734375,0.9265625,0.7375,1.0,1.0,0.26249999999999996,-1.588820821908417,-2.213543005144268,-0.13750000000000007,True,13282.701111202128
2,18,-1.7250579896,-2.6590305189,0,0.01883397589979635,0.00219265084714351,1.0000000000000004e-06,nan,0.0184594402031973,0.00219265739810653,0.9589062499999998,0.759375,0.00321305895504338,0.026472522616386412,0.002192659070715308,0.008026961237192154,0.07146815955638885,1.0,1.0,1.0,1.0,1.0,1.0,1.0,1.0,0.9984375,1.0,0.9953125,0.91875,0.8953125,0.9234375,0.8515625,0.9125,0.9234375,0.759375,1.0,1.0,0.24062499999999998,-1.5772046719900756,-2.659028890081452,-0.15937500000000004,True,13282.701111202128
2,19,-1.8563932948,-1.8133377593,0,0.01391895738403115,0.015369588526221313,1.0000000000000004e-06,nan,0.013405486285313965,0.015366830715723336,0.9735156249999999,0.7828125,0.0021609691185585688,0.022998283735942097,0.015368499793112278,0.36375612020492554,0.05240011215209961,1.0,1.0,1.0,1.0,1.0,1.0,1.0,1.0,1.0,1.0,1.0,0.9859375,0.8921875,0.9734375,0.9328125,0.9703125,0.9328125,0.7828125,1.0,1.0,0.21718749999999998,-1.6383045723224425,-1.8133685243917235,-0.18281250000000004,True,13282.701111202128
2,20,-1.4462925544,-2.6665579721,0,0.035785529335831415,0.0021549739659563753,1.0000000000000004e-06,nan,0.034098659263178704,0.0021549799190834166,0.943671875,0.75625,0.0036122916499516573,0.04687962471973151,0.0021549819502979517,0.007797181140631437,0.08633196353912354,1.0,1.0,1.0,1.0,1.0,1.0,1.0,1.0,0.9953125,0.996875,0.9984375,0.8125,0.9109375,0.75625,0.86875,0.8625,0.921875,0.75625,1.0,0.99375,0.24375000000000002,-1.3290158735855742,-2.6665563630525897,-0.15625,True,13282.701111202128
2,21,-1.7119136949,-1.6334071464,0,0.019412716182991663,0.023259097200266376,1.0000000000000004e-06,nan,0.017874646206572652,0.023254086875915528,0.9875,0.91875,0.0012179434910649435,0.029491839434485884,0.023252056911587715,0.5951592922210693,0.05991627275943756,1.0,1.0,1.0,1.0,1.0,1.0,1.0,1.0,0.9984375,1.0,1.0,0.984375,0.9890625,0.9875,0.959375,0.984375,0.928125,0.91875,1.0,1.0,0.08125000000000004,-1.530298139237493,-1.6335386227379163,-0.31875,True,13282.701111202128
2,22,-1.0953670334,-2.3858082963,0,0.08028473284555146,0.004113312484384414,1.0000000000000004e-06,nan,0.07294682411625981,0.004113146456796676,0.966171875,0.7875,0.0026256213670421856,0.1006233357079327,0.004113319795578718,0.04748774692416191,0.09679090976715088,1.0,1.0,1.0,1.0,1.0,1.0,1.0,1.0,1.0,1.0,1.0,0.9375,0.9390625,0.9171875,0.8859375,0.940625,0.915625,0.7875,1.0,1.0,0.21250000000000002,-0.9973012897181223,-2.385807524369717,-0.1875,True,13282.701111202128
2,23,-1.0652284897,-1.6172692471,0,0.08605408879298107,0.024139637990755226,1.0000000000000004e-06,nan,0.07027583925426006,0.024131775949150325,0.9842968750000001,0.8828125,0.001423720288439654,0.11885576035827398,0.024135764688253403,0.6564644575119019,0.09128175675868988,1.0,1.0,1.0,1.0,1.0,1.0,1.0,1.0,1.0,1.0,1.0,0.99375,0.978125,0.9640625,0.95,0.9765625,0.940625,0.8828125,1.0,1.0,0.1171875,-0.924979765293068,-1.6173389369684361,-0.2828125,True,13282.701111202128
2,24,-1.7377303477,-1.5349354229,0,0.01829235631242665,0.029178608506393994,1.0000000000000004e-06,nan,0.016817248298972846,0.02675960332415998,0.985390625,0.9234375,0.0013872745399567063,0.027351009550038725,0.026888003572821617,0.6857996582984924,0.05927998200058937,1.0,1.0,1.0,1.0,1.0,1.0,1.0,1.0,0.9984375,1.0,1.0,0.9734375,0.978125,0.953125,0.9671875,0.9828125,0.93125,0.9234375,1.0,1.0,0.07656249999999998,-1.5630266388399003,-1.5704414428304336,-0.32343750000000004,True,13303.040597917046
2,25,-2.3365752545,-1.8118899879,0,0.004607069305204018,0.015420910338189335,0.09152214708948171,nan,0.00463406990901567,0.01541987605765462,0.9792968749999998,0.7671875,0.0018849380092797216,0.008018070317921228,0.015421058051288128,0.30588236451148987,0.04130619764328003,1.0,1.0,1.0,1.0,1.0,1.0,1.0,1.0,1.0,1.0,1.0,0.984375,0.9828125,0.978125,0.959375,0.9828125,0.934375,0.7671875,1.0,0.996875,0.23281249999999998,-2.095930139336276,-1.8118858279665073,-0.16718750000000004,True,13303.040597917046
2,26,-1.8163562009,-2.4344902873,0,0.015263136882141065,0.0036771361696982738,1.0000000000000004e-06,nan,0.015066167817637324,0.0036771350131370125,0.964140625,0.75,0.002809969163208734,0.023362806162331252,0.0036771437153220177,0.019914215430617332,0.06013290956616402,1.0,1.0,1.0,1.0,1.0,1.0,1.0,1.0,1.0,1.0,1.0,0.9640625,0.9625,0.9015625,0.8796875,0.9140625,0.9109375,0.75,1.0,1.0,0.25,-1.631474994281285,-2.4344893960893614,-0.15000000000000002,True,13303.040597917046
2,27,-1.0149360579,-2.1411815472,0,0.09661931232885969,0.007224677287658367,1.0000000000000004e-06,nan,0.0826134489029646,0.007223025443777442,0.96609375,0.746875,0.0027417649505514416,0.1250966767407954,0.00722276559099555,0.1514705866575241,0.09502875059843063,1.0,1.0,1.0,1.0,1.0,1.0,1.0,1.0,0.9984375,0.9984375,0.9984375,0.9765625,0.865625,0.978125,0.8953125,0.9734375,0.925,0.746875,0.996875,0.96875,0.25312500000000004,-0.9027542274153328,-2.141296479586487,-0.14687499999999998,True,13303.040597917046
2,28,-2.3367506098,-1.5835253527,0,0.00460520948214847,0.026090034135299908,0.049936224144072144,nan,0.004580643677571788,0.026087946143001316,0.9754687499999999,0.7515625,0.001821809557986853,0.007968115311232395,0.026090029627084732,0.6005668044090271,0.04401043429970741,1.0,1.0,1.0,1.0,1.0,1.0,1.0,1.0,1.0,1.0,1.0,0.9734375,0.965625,0.9765625,0.9359375,0.9625,0.94375,0.7515625,1.0,1.0,0.24843749999999998,-2.0986443896107674,-1.5835254277272186,-0.15156250000000004,True,13303.040597917046
2,29,-2.3512754429,-1.7252286828,0,0.0044537368916310206,0.0188265749345018,0.06193514422870035,nan,0.004442370132356882,0.018825090013444425,0.967421875,0.559375,0.0020719573301539638,0.007246702866978012,0.01882229931652546,0.39362746477127075,0.040772806853055954,1.0,1.0,1.0,1.0,1.0,1.0,1.0,1.0,1.0,1.0,0.9984375,0.984375,0.9828125,0.953125,0.94375,0.9875,0.9390625,0.559375,1.0,1.0,0.44062500000000004,-2.1398595454814116,-1.7253273246131302,0.04062500000000002,False,13303.040597917046
2,30,-1.5674665328,-2.6604713118,0,0.02707281822115785,0.002185388675191334,1.0000000000000004e-06,nan,0.025939900939911605,0.0021853960894048213,0.956015625,0.7078125,0.0031539223293657417,0.03661125258775428,0.0021853966172784567,0.00807291641831398,0.07650309056043625,1.0,1.0,1.0,1.0,1.0,1.0,1.0,1.0,1.0,1.0,0.9984375,0.934375,0.8953125,0.859375,0.865625,0.9265625,0.9328125,0.7078125,1.0,1.0,0.29218750000000004,-1.4363854122644995,-2.6604697334925453,-0.10781249999999998,True,13303.040597917046
2,31,-1.8706884263,-1.5546006559,0,0.013468262544455357,0.02788684251759994,1.0000000000000004e-06,nan,0.012730016927607357,0.027059512413293123,0.9760156250000002,0.740625,0.001751468363509048,0.020862857305910438,0.027201393619179726,0.6820465922355652,0.054824549704790115,1.0,1.0,1.0,1.0,1.0,1.0,1.0,1.0,1.0,1.0,1.0,0.9796875,0.934375,0.99375,0.965625,0.9734375,0.9328125,0.740625,1.0,1.0,0.259375,-1.680626212342346,-1.56540884502407,-0.140625,True,13303.040597917046
2,32,-1.1508753323,-2.5681542924,0,0.07065203373925094,0.002702997895838215,1.0000000000000004e-06,nan,0.0655483601808548,0.0027029929742217063,0.9525781250000002,0.740625,0.003277448825647298,0.084828877504915,0.002703005913645029,0.015640318393707275,0.10371816903352737,1.0,1.0,1.0,1.0,1.0,1.0,1.0,1.0,1.0,1.0,0.9984375,0.9390625,0.9109375,0.84375,0.8640625,0.8453125,0.909375,0.740625,1.0,1.0,0.259375,-1.0714562797465,-2.568153004149371,-0.140625,True,13303.040597917046
2,33,-1.6360468769,-2.6985949235,0,0.02311815243665674,0.002001728057349741,1.0000000000000004e-06,nan,0.022254362281784415,0.002001735662808642,0.9538281249999999,0.759375,0.003214363728293392,0.031016262210905553,0.002001736778765917,0.007000612560659647,0.0780867338180542,1.0,1.0,1.0,1.0,1.0,1.0,1.0,1.0,0.9984375,0.9984375,0.9984375,0.9359375,0.8390625,0.8484375,0.8734375,0.903125,0.921875,0.759375,1.0,1.0,0.24062499999999998,-1.5084105404678305,-2.6985930312748794,-0.15937500000000004,True,13303.040597917046
2,34,-2.4409761722,-1.6542415583,0,0.003622628735898032,0.0221696298283352,0.0729674039774741,nan,0.0036185337994713335,0.022168045249953867,0.9376562500000001,0.4796875,0.003140946395069477,0.0057507099496433515,0.022168077528476715,0.48334863781929016,0.03904496133327484,1.0,1.0,1.0,1.0,1.0,1.0,1.0,1.0,1.0,1.0,1.0,0.9875,0.921875,0.96875,0.946875,0.9859375,0.9453125,0.4796875,1.0,0.5171875,0.5203125,-2.2402785364965263,-1.6542719683639178,0.12031249999999999,False,13303.040597917046
2,35,-1.9358430876,-1.8441299632,0,0.011591961027524552,0.014317593794029498,5.618271198834667e-06,nan,0.011309986769407988,0.01431501103490591,0.975859375,0.73125,0.0018951715972070813,0.019265246069990097,0.014317546039819717,0.3233456015586853,0.05045013129711151,1.0,1.0,1.0,1.0,1.0,1.0,1.0,1.0,1.0,1.0,1.0,0.9859375,0.9234375,0.9875,0.975,0.975,0.9390625,0.73125,1.0,1.0,0.26875000000000004,-1.715225439484805,-1.8441314116853855,-0.13124999999999998,True,13303.040597917046
2,36,-1.8292383459,-2.6350488789,0,0.014817046851373203,0.0023171338468619697,1.0000000000000004e-06,nan,0.014495303203910589,0.0023171401948668064,0.9210156250000001,0.5,0.0042211553811648626,0.02082131225382909,0.0023171419743448496,0.0075214458629488945,0.06597167998552322,1.0,1.0,1.0,1.0,1.0,1.0,1.0,1.0,0.9984375,1.0,0.9984375,0.959375,0.8859375,0.871875,0.8484375,0.91875,0.93125,0.5,1.0,0.5078125,0.5,-1.6814919027487554,-2.6350473555990845,0.09999999999999998,False,13303.040597917046
2,37,-1.1194829425,-2.4913522984,0,0.07594812517525328,0.003225876238700907,1.0000000000000004e-06,nan,0.07062106566280127,0.0032258289619814607,0.94984375,0.715625,0.0033013658956042497,0.09262242497876287,0.0032258841674774885,0.02786458283662796,0.09946296364068985,1.0,1.0,1.0,1.0,1.0,1.0,1.0,1.0,1.0,1.0,1.0,0.965625,0.896875,0.8203125,0.834375,0.8578125,0.90625,0.715625,1.0,1.0,0.28437500000000004,-1.0332838527838355,-2.4913512309732524,-0.11562499999999998,True,13303.040597917046
2,38,-1.1880640806,-1.6120575074,0,0.06485387339124869,0.02443107025538811,1.0000000000000004e-06,nan,0.0538343182399869,0.024424710595235228,0.9796875,0.8828125,0.0017256361842009939,0.08397175815887749,0.024412522092461586,0.6527267098426819,0.0847865417599678,1.0,1.0,1.0,1.0,1.0,1.0,1.0,0.9953125,1.0,0.9984375,1.0,0.9875,0.965625,0.95,0.9171875,0.9578125,0.9390625,0.8828125,1.0,1.0,0.1171875,-1.0758667536772781,-1.6123873506828985,-0.2828125,True,13303.040597917046
2,39,-1.1069695591,-2.0924797992,0,0.07816825929943612,0.008082025210664312,1.0000000000000004e-06,nan,0.06729692076295614,0.008080232418887317,0.9746875000000002,0.7296875,0.0021649613000772664,0.10405300090089441,0.008079294115304947,0.1786305159330368,0.08824129402637482,1.0,1.0,1.0,1.0,1.0,1.0,1.0,1.0,1.0,1.0,1.0,0.9703125,0.9734375,0.98125,0.9359375,0.975,0.928125,0.7296875,1.0,1.0,0.27031249999999996,-0.9827453901673403,-2.0926265817030902,-0.12968750000000007,True,13303.040597917046
2,40,-1.0871089717,-1.7306282565,0,0.08182594474224544,0.018593953626929716,1.0000000000000004e-06,nan,0.06726755062267184,0.018588001061975955,0.97921875,0.8625,0.00173888841385633,0.10872362548485398,0.018579212948679924,0.4996323585510254,0.08647259324789047,1.0,1.0,1.0,1.0,1.0,1.0,1.0,1.0,1.0,1.0,1.0,0.990625,0.9296875,0.9671875,0.909375,0.9859375,0.9390625,0.8625,1.0,1.0,0.13749999999999996,-0.9636760741028799,-1.7309726875051914,-0.26250000000000007,True,13303.040597917046
2,41,-2.2953794844,-2.1169870314,0,0.005065478957582639,0.007638585930305293,0.0767968120001881,nan,0.005080811326391995,0.007638331497833133,0.9653906249999998,0.5671875,0.0024649850651985612,0.008358359811245464,0.0076385922729969025,0.08890931308269501,0.040399108082056046,1.0,1.0,1.0,1.0,1.0,1.0,1.0,1.0,1.0,1.0,1.0,0.9609375,0.9703125,0.9734375,0.9609375,0.9484375,0.93125,0.5671875,1.0,0.9953125,0.43281250000000004,-2.077878937251384,-2.116986670796163,0.03281250000000002,False,13303.040597917046
2,42,-0.9501055554,-2.102903064,0,0.11217457804453608,0.007890362134722804,1.0000000000000004e-06,nan,0.09429238016009331,0.007887909551523626,0.9741406250000001,0.7421875,0.0022778335540351692,0.14375331550836562,0.007883027195930481,0.1764705926179886,0.09875711798667908,1.0,1.0,1.0,1.0,1.0,1.0,1.0,1.0,0.9984375,1.0,0.9984375,0.9890625,0.9625,0.971875,0.94375,0.95,0.9265625,0.7421875,1.0,1.0,0.2578125,-0.8423821300095816,-2.1033069751468503,-0.14218750000000002,True,13303.040597917046
2,43,-1.6153560822,-2.6686891884,0,0.024246213097070604,0.002144424753062637,1.0000000000000004e-06,nan,0.023352929390594364,0.0021444312296807766,0.94765625,0.7578125,0.0035777742278514774,0.032671138213481755,0.0021444165613502264,0.007598039228469133,0.07767802476882935,1.0,1.0,1.0,1.0,1.0,1.0,0.9953125,1.0,0.9984375,0.9921875,0.9984375,0.9375,0.884375,0.759375,0.825,0.8765625,0.928125,0.7578125,1.0,1.0,0.2421875,-1.4858357350922524,-2.6686908473732176,-0.15781250000000002,True,13303.040597917046
2,44,-2.1167640409,-1.8096287837,0,0.007642509005319673,0.01550141046958738,0.008075552686554412,nan,0.007630581903364509,0.015498920724168419,0.9517187500000001,0.53125,0.002710675173657364,0.01297581551130861,0.015501413494348526,0.33825060725212097,0.04630691185593605,1.0,1.0,1.0,1.0,1.0,1.0,1.0,1.0,1.0,1.0,0.9984375,0.984375,0.96875,0.9875,0.934375,0.978125,0.9375,0.53125,1.0,0.7140625,0.46875,-1.8868653378393176,-1.809628698938937,0.06874999999999998,False,13303.040597917046
2,45,-2.0010006342,-2.2228404799,0,0.009976986068843782,0.005986314371535169,0.004868929954917897,nan,0.009892112372163683,0.005986112016253173,0.967421875,0.65,0.002334007231438591,0.016192445514025166,0.005986321717500687,0.06681985408067703,0.05089537799358368,1.0,1.0,1.0,1.0,1.0,1.0,1.0,1.0,1.0,1.0,1.0,0.9765625,0.9484375,0.9765625,0.934375,0.9578125,0.925,0.65,1.0,0.9796875,0.35,-1.790687555629513,-2.222839946971139,-0.050000000000000044,True,13303.040597917046
2,46,-1.6784260061,-2.2735075721,0,0.02096882011043569,0.005327119361851444,1.0000000000000004e-06,nan,0.019919986301474273,0.0053269293150864545,0.9698437499999999,0.696875,0.002415654422256921,0.031006675141397863,0.005327126476913691,0.060922183096408844,0.06512440741062164,1.0,1.0,1.0,1.0,1.0,1.0,1.0,1.0,1.0,1.0,1.0,0.9765625,0.9484375,0.9453125,0.9296875,0.9734375,0.9265625,0.696875,1.0,1.0,0.303125,-1.5085448008429663,-2.273506992050604,-0.09687500000000004,True,13303.040597917046
2,47,-1.4882037661,-2.5945689536,0,0.03249348058623716,0.0025434959263947385,1.0000000000000004e-06,nan,0.030907960993051528,0.0025435011385474353,0.950546875,0.7484375,0.0031867630661145093,0.0432495863456279,0.002543511101976037,0.012086397036910057,0.08356422930955887,1.0,1.0,1.0,1.0,1.0,1.0,1.0,1.0,0.996875,1.0,1.0,0.9265625,0.8984375,0.85,0.8734375,0.7859375,0.93125,0.7484375,1.0,1.0,0.2515625,-1.3640180419256485,-2.5945663624098985,-0.1484375,True,13303.040597917046
